Requirement already satisfied: pip in c:\a\ml-dl-application\ml-dl-application\.venv\lib\site-packages (25.0.1)
Collecting pip
  Downloading pip-26.2.1-py3-none-any.whl.metadata (4.6 kB)
Downloading pip-26.2.1-py3-none-any.whl (1.8 MB)
   ---------------------------------------- 1.8/1.8 MB 25.1 MB/s eta 0:00:00
Installing collected packages: pip
  Attempting uninstall: pip
    Found existing installation: pip 25.0.1
    Uninstalling pip-25.0.1:
      Successfully uninstalled pip-25.0.1
Successfully installed pip-26.2.1
Collecting pyinstaller
  Downloading pyinstaller-6.22.3-py3-none-win_arm64.whl.metadata (8.5 kB)
Collecting onnxruntime-qnn>=2.0 (from -r requirements-win-arm64.txt (line 2))
  Downloading onnxruntime_qnn-2.6.0-cp312-cp312-win_arm64.whl.metadata (3.3 kB)
Collecting numpy (from -r requirements-win-arm64.txt (line 3))
  Downloading numpy-2.5.3-cp312-cp312-win_arm64.whl.metadata (6.6 kB)
Collecting scipy (from -r requirements-win-arm64.txt (line 4))
  Downloading scipy-1.18.1-cp312-cp312-win_arm64.whl.metadata (61 kB)
Collecting pillow (from -r requirements-win-arm64.txt (line 5))
  Downloading pillow-12.3.0-cp312-cp312-win_arm64.whl.metadata (9.3 kB)
Collecting pymupdf (from -r requirements-win-arm64.txt (line 6))
  Downloading pymupdf-1.28.2-cp310-abi3-win_arm64.whl.metadata (26 kB)
Collecting altgraph (from pyinstaller)
  Downloading altgraph-0.17.5-py2.py3-none-any.whl.metadata (7.5 kB)
Collecting packaging>=22.0 (from pyinstaller)
  Downloading packaging-26.3-py3-none-any.whl.metadata (3.5 kB)
Collecting pefile>=2022.5.30 (from pyinstaller)
  Downloading pefile-2024.8.26-py3-none-any.whl.metadata (1.4 kB)
Collecting pyinstaller-hooks-contrib>=2026.7 (from pyinstaller)
  Downloading pyinstaller_hooks_contrib-2026.8-py3-none-any.whl.metadata (16 kB)
Collecting pywin32-ctypes>=0.2.1 (from pyinstaller)
  Downloading pywin32_ctypes-0.2.3-py3-none-any.whl.metadata (3.9 kB)
Collecting setuptools>=42.0.0 (from pyinstaller)
  Downloading setuptools-84.0.0-py3-none-any.whl.metadata (6.6 kB)
Collecting coloredlogs (from onnxruntime-qnn>=2.0->-r requirements-win-arm64.txt (line 2))
  Downloading coloredlogs-15.0.1-py2.py3-none-any.whl.metadata (12 kB)
Collecting flatbuffers (from onnxruntime-qnn>=2.0->-r requirements-win-arm64.txt (line 2))
  Downloading flatbuffers-25.12.19-py2.py3-none-any.whl.metadata (1.0 kB)
Collecting onnxruntime>=1.24.2 (from onnxruntime-qnn>=2.0->-r requirements-win-arm64.txt (line 2))
  Downloading onnxruntime-1.30.0-cp312-cp312-win_arm64.whl.metadata (5.9 kB)
Collecting protobuf (from onnxruntime-qnn>=2.0->-r requirements-win-arm64.txt (line 2))
  Downloading protobuf-7.36.2-py3-none-any.whl.metadata (595 bytes)
Collecting sympy (from onnxruntime-qnn>=2.0->-r requirements-win-arm64.txt (line 2))
  Downloading sympy-1.14.0-py3-none-any.whl.metadata (12 kB)
Collecting humanfriendly>=9.1 (from coloredlogs->onnxruntime-qnn>=2.0->-r requirements-win-arm64.txt (line 2))
  Downloading humanfriendly-10.0-py2.py3-none-any.whl.metadata (9.2 kB)
Collecting pyreadline3 (from humanfriendly>=9.1->coloredlogs->onnxruntime-qnn>=2.0->-r requirements-win-arm64.txt (line 2))
  Downloading pyreadline3-3.5.6-py3-none-any.whl.metadata (4.7 kB)
Collecting mpmath<1.4,>=1.1.0 (from sympy->onnxruntime-qnn>=2.0->-r requirements-win-arm64.txt (line 2))
  Downloading mpmath-1.3.0-py3-none-any.whl.metadata (8.6 kB)
Downloading pyinstaller-6.22.3-py3-none-win_arm64.whl (1.4 MB)
   ---------------------------------------- 1.4/1.4 MB 9.1 MB/s  0:00:00
Downloading onnxruntime_qnn-2.6.0-cp312-cp312-win_arm64.whl (59.2 MB)
   ---------------------------------------- 59.2/59.2 MB 32.5 MB/s  0:00:01
Downloading numpy-2.5.3-cp312-cp312-win_arm64.whl (10.5 MB)
   ---------------------------------------- 10.5/10.5 MB 46.7 MB/s  0:00:00
Downloading scipy-1.18.1-cp312-cp312-win_arm64.whl (24.4 MB)
   ---------------------------------------- 24.4/24.4 MB 25.3 MB/s  0:00:00
Downloading pillow-12.3.0-cp312-cp312-win_arm64.whl (2.6 MB)
   ---------------------------------------- 2.6/2.6 MB 37.2 MB/s  0:00:00
Downloading pymupdf-1.28.2-cp310-abi3-win_arm64.whl (19.8 MB)
   ---------------------------------------- 19.8/19.8 MB 44.5 MB/s  0:00:00
Downloading onnxruntime-1.30.0-cp312-cp312-win_arm64.whl (14.2 MB)
   ---------------------------------------- 14.2/14.2 MB 15.6 MB/s  0:00:00
Downloading packaging-26.3-py3-none-any.whl (129 kB)
Downloading pefile-2024.8.26-py3-none-any.whl (74 kB)
Downloading protobuf-7.36.2-py3-none-any.whl (179 kB)
Downloading pyinstaller_hooks_contrib-2026.8-py3-none-any.whl (462 kB)
Downloading pywin32_ctypes-0.2.3-py3-none-any.whl (30 kB)
Downloading setuptools-84.0.0-py3-none-any.whl (818 kB)
   ---------------------------------------- 818.2/818.2 kB 17.4 MB/s  0:00:00
Downloading altgraph-0.17.5-py2.py3-none-any.whl (21 kB)
Downloading coloredlogs-15.0.1-py2.py3-none-any.whl (46 kB)
Downloading humanfriendly-10.0-py2.py3-none-any.whl (86 kB)
Downloading flatbuffers-25.12.19-py2.py3-none-any.whl (26 kB)
Downloading pyreadline3-3.5.6-py3-none-any.whl (85 kB)
Downloading sympy-1.14.0-py3-none-any.whl (6.3 MB)
   ---------------------------------------- 6.3/6.3 MB 42.8 MB/s  0:00:00
Downloading mpmath-1.3.0-py3-none-any.whl (536 kB)
   ---------------------------------------- 536.2/536.2 kB 17.1 MB/s  0:00:00
Installing collected packages: mpmath, flatbuffers, altgraph, sympy, setuptools, pywin32-ctypes, pyreadline3, pymupdf, protobuf, pillow, pefile, packaging, numpy, scipy, pyinstaller-hooks-contrib, onnxruntime, humanfriendly, pyinstaller, coloredlogs, onnxruntime-qnn

Successfully installed altgraph-0.17.5 coloredlogs-15.0.1 flatbuffers-25.12.19 humanfriendly-10.0 mpmath-1.3.0 numpy-2.5.3 onnxruntime-1.30.0 onnxruntime-qnn-2.6.0 packaging-26.3 pefile-2024.8.26 pillow-12.3.0 protobuf-7.36.2 pyinstaller-6.22.3 pyinstaller-hooks-contrib-2026.8 pymupdf-1.28.2 pyreadline3-3.5.6 pywin32-ctypes-0.2.3 scipy-1.18.1 setuptools-84.0.0 sympy-1.14.0
181 INFO: PyInstaller: 6.22.3, contrib hooks: 2026.8
181 INFO: Python: 3.12.10
209 INFO: Platform: Windows-11-10.0.26200-SP0
209 INFO: Python environment: C:\a\ML-DL-application\ML-DL-application\.venv
209 INFO: wrote C:\a\ML-DL-application\ML-DL-application\VNOCR.spec
209 INFO: Removing temporary files and cleaning cache in C:\Users\runneradmin\AppData\Local\pyinstaller
1036 WARNING: Failed to collect submodules for 'onnxruntime.quantization' because importing 'onnxruntime.quantization' raised: ModuleNotFoundError: No module named 'onnx'
5879 INFO: Module search paths (PYTHONPATH):
['C:\\a\\ML-DL-application\\ML-DL-application',
 'C:\\hostedtoolcache\\windows\\Python\\3.12.10\\arm64\\python312.zip',
 'C:\\hostedtoolcache\\windows\\Python\\3.12.10\\arm64\\DLLs',
 'C:\\hostedtoolcache\\windows\\Python\\3.12.10\\arm64\\Lib',
 'C:\\hostedtoolcache\\windows\\Python\\3.12.10\\arm64',
 'C:\\a\\ML-DL-application\\ML-DL-application\\.venv',
 'C:\\a\\ML-DL-application\\ML-DL-application\\.venv\\Lib\\site-packages',
 'C:\\a\\ML-DL-application\\ML-DL-application']
6244 INFO: Appending 'binaries' from .spec
6244 INFO: Appending 'datas' from .spec
6268 INFO: checking Analysis
6270 INFO: Building Analysis because Analysis-00.toc is non existent
6270 INFO: Looking for Python shared library...
6270 INFO: Using Python shared library: C:\hostedtoolcache\windows\Python\3.12.10\arm64\python312.dll
6270 INFO: Running Analysis Analysis-00.toc
6270 INFO: Target bytecode optimization level: 0
6270 INFO: Initializing module dependency graph...
6406 INFO: Initializing module graph hook caches...
6422 INFO: Analyzing modules for base_library.zip ...
8526 INFO: Processing standard module hook 'hook-encodings.py' from 'C:\\a\\ML-DL-application\\ML-DL-application\\.venv\\Lib\\site-packages\\PyInstaller\\hooks'
9261 INFO: Processing standard module hook 'hook-math.py' from 'C:\\a\\ML-DL-application\\ML-DL-application\\.venv\\Lib\\site-packages\\PyInstaller\\hooks'
9451 INFO: Processing standard module hook 'hook-heapq.py' from 'C:\\a\\ML-DL-application\\ML-DL-application\\.venv\\Lib\\site-packages\\PyInstaller\\hooks'
11332 INFO: Processing standard module hook 'hook-pickle.py' from 'C:\\a\\ML-DL-application\\ML-DL-application\\.venv\\Lib\\site-packages\\PyInstaller\\hooks'
13018 INFO: Caching module dependency graph...
13066 INFO: Analyzing C:\a\ML-DL-application\ML-DL-application\launcher.py
13086 INFO: Processing standard module hook 'hook-onnxruntime.py' from 'C:\\a\\ML-DL-application\\ML-DL-application\\.venv\\Lib\\site-packages\\_pyinstaller_hooks_contrib\\stdhooks'
13145 INFO: Processing standard module hook 'hook-platform.py' from 'C:\\a\\ML-DL-application\\ML-DL-application\\.venv\\Lib\\site-packages\\PyInstaller\\hooks'
13170 INFO: Processing standard module hook 'hook-_ctypes.py' from 'C:\\a\\ML-DL-application\\ML-DL-application\\.venv\\Lib\\site-packages\\PyInstaller\\hooks'
13228 INFO: Processing standard module hook 'hook-numpy.py' from 'C:\\a\\ML-DL-application\\ML-DL-application\\.venv\\Lib\\site-packages\\PyInstaller\\hooks'
13519 INFO: Processing pre-safe-import-module hook 'hook-typing_extensions.py' from 'C:\\a\\ML-DL-application\\ML-DL-application\\.venv\\Lib\\site-packages\\PyInstaller\\hooks\\pre_safe_import_module'
13519 INFO: SetuptoolsInfo: initializing cached setuptools info...
14704 INFO: Processing standard module hook 'hook-sysconfig.py' from 'C:\\a\\ML-DL-application\\ML-DL-application\\.venv\\Lib\\site-packages\\PyInstaller\\hooks'
15086 INFO: Processing standard module hook 'hook-webbrowser.py' from 'C:\\a\\ML-DL-application\\ML-DL-application\\.venv\\Lib\\site-packages\\PyInstaller\\hooks'
16163 INFO: Processing standard module hook 'hook-difflib.py' from 'C:\\a\\ML-DL-application\\ML-DL-application\\.venv\\Lib\\site-packages\\PyInstaller\\hooks'
16432 INFO: Processing standard module hook 'hook-multiprocessing.util.py' from 'C:\\a\\ML-DL-application\\ML-DL-application\\.venv\\Lib\\site-packages\\PyInstaller\\hooks'
16541 INFO: Processing standard module hook 'hook-xml.py' from 'C:\\a\\ML-DL-application\\ML-DL-application\\.venv\\Lib\\site-packages\\PyInstaller\\hooks'
18195 INFO: Processing pre-safe-import-module hook 'hook-tensorflow.py' from 'C:\\a\\ML-DL-application\\ML-DL-application\\.venv\\Lib\\site-packages\\_pyinstaller_hooks_contrib\\pre_safe_import_module'
18219 INFO: Processing standard module hook 'hook-PIL.py' from 'C:\\a\\ML-DL-application\\ML-DL-application\\.venv\\Lib\\site-packages\\PyInstaller\\hooks'
18314 INFO: Processing standard module hook 'hook-PIL.Image.py' from 'C:\\a\\ML-DL-application\\ML-DL-application\\.venv\\Lib\\site-packages\\PyInstaller\\hooks'
18703 INFO: Processing standard module hook 'hook-xml.etree.cElementTree.py' from 'C:\\a\\ML-DL-application\\ML-DL-application\\.venv\\Lib\\site-packages\\PyInstaller\\hooks'
18868 INFO: Processing standard module hook 'hook-PIL.ImageFilter.py' from 'C:\\a\\ML-DL-application\\ML-DL-application\\.venv\\Lib\\site-packages\\PyInstaller\\hooks'
19076 INFO: Processing standard module hook 'hook-scipy.py' from 'C:\\a\\ML-DL-application\\ML-DL-application\\.venv\\Lib\\site-packages\\PyInstaller\\hooks'
20024 INFO: Processing standard module hook 'hook-scipy.special._ufuncs.py' from 'C:\\a\\ML-DL-application\\ML-DL-application\\.venv\\Lib\\site-packages\\PyInstaller\\hooks'
20168 INFO: Processing standard module hook 'hook-scipy.linalg.py' from 'C:\\a\\ML-DL-application\\ML-DL-application\\.venv\\Lib\\site-packages\\PyInstaller\\hooks'
22259 INFO: Processing standard module hook 'hook-scipy.spatial._ckdtree.py' from 'C:\\a\\ML-DL-application\\ML-DL-application\\.venv\\Lib\\site-packages\\PyInstaller\\hooks'
22788 INFO: Processing standard module hook 'hook-scipy.spatial.transform.rotation.py' from 'C:\\a\\ML-DL-application\\ML-DL-application\\.venv\\Lib\\site-packages\\PyInstaller\\hooks'
23774 INFO: Processing standard module hook 'hook-scipy.stats._stats.py' from 'C:\\a\\ML-DL-application\\ML-DL-application\\.venv\\Lib\\site-packages\\PyInstaller\\hooks'
24286 INFO: Processing standard module hook 'hook-scipy.sparse.csgraph.py' from 'C:\\a\\ML-DL-application\\ML-DL-application\\.venv\\Lib\\site-packages\\PyInstaller\\hooks'
24952 INFO: Processing standard module hook 'hook-scipy.special._ellip_harm_2.py' from 'C:\\a\\ML-DL-application\\ML-DL-application\\.venv\\Lib\\site-packages\\PyInstaller\\hooks'
27661 INFO: Processing pre-find-module-path hook 'hook-tkinter.py' from 'C:\\a\\ML-DL-application\\ML-DL-application\\.venv\\Lib\\site-packages\\PyInstaller\\hooks\\pre_find_module_path'
27661 INFO: TclTkInfo: initializing cached Tcl/Tk info...
28788 INFO: Processing standard module hook 'hook-_tkinter.py' from 'C:\\a\\ML-DL-application\\ML-DL-application\\.venv\\Lib\\site-packages\\PyInstaller\\hooks'
28883 INFO: Analyzing hidden import 'scipy._cyutility'
28883 INFO: Analyzing hidden import 'scipy._lib._array_api_docs_tables'
28883 INFO: Analyzing hidden import 'scipy._lib._array_api_no_0d'
28883 INFO: Analyzing hidden import 'scipy._lib._disjoint_set'
28883 INFO: Analyzing hidden import 'scipy._lib._fpumode'
28883 INFO: Analyzing hidden import 'scipy._lib._gcutils'
28899 INFO: Analyzing hidden import 'scipy._lib._public_api'
28899 INFO: Analyzing hidden import 'scipy._lib._test_ccallback'
28900 INFO: Analyzing hidden import 'scipy._lib._test_deprecation_call'
28900 INFO: Analyzing hidden import 'scipy._lib._test_deprecation_def'
28900 INFO: Analyzing hidden import 'scipy._lib.messagestream'
28900 INFO: Analyzing hidden import 'scipy._lib.tests'
28900 INFO: Analyzing hidden import 'scipy._lib.tests.test__gcutils'
28902 INFO: Analyzing hidden import 'scipy._lib.tests.test__testutils'
28902 INFO: Analyzing hidden import 'scipy._lib.tests.test__util'
29009 INFO: Analyzing hidden import 'scipy._lib.tests.test_array_api'
29027 INFO: Analyzing hidden import 'scipy._lib.tests.test_bunch'
29035 INFO: Analyzing hidden import 'scipy._lib.tests.test_ccallback'
29041 INFO: Analyzing hidden import 'scipy._lib.tests.test_config'
29150 INFO: Analyzing hidden import 'scipy._lib.tests.test_deprecation'
29152 INFO: Analyzing hidden import 'scipy._lib.tests.test_doccer'
29152 INFO: Analyzing hidden import 'scipy._lib.tests.test_import_cycles'
29152 INFO: Analyzing hidden import 'scipy._lib.tests.test_scipy_version'
29152 INFO: Analyzing hidden import 'scipy._lib.tests.test_warnings'
29167 INFO: Analyzing hidden import 'scipy._lib.tests.test_xp_capabilities'
29167 INFO: Analyzing hidden import 'scipy.cluster.hierarchy.tests'
29167 INFO: Analyzing hidden import 'scipy.cluster.hierarchy.tests.hierarchy_test_data'
29167 INFO: Analyzing hidden import 'scipy.cluster.hierarchy.tests.test_disjoint_set'
29183 INFO: Analyzing hidden import 'scipy.cluster.hierarchy.tests.test_hierarchy'
29231 INFO: Analyzing hidden import 'scipy.cluster.vq.tests'
29231 INFO: Analyzing hidden import 'scipy.cluster.vq.tests.test_vq'
29247 INFO: Analyzing hidden import 'scipy.constants.tests'
29247 INFO: Analyzing hidden import 'scipy.constants.tests.test_codata'
29247 INFO: Analyzing hidden import 'scipy.constants.tests.test_constants'
29263 INFO: Analyzing hidden import 'scipy.datasets'
29263 INFO: Processing pre-safe-import-module hook 'hook-platformdirs.py' from 'C:\\a\\ML-DL-application\\ML-DL-application\\.venv\\Lib\\site-packages\\PyInstaller\\hooks\\pre_safe_import_module'
29263 INFO: Setuptools: 'platformdirs' appears to be a setuptools-vendored copy - creating alias to 'setuptools._vendor.platformdirs'!
29277 INFO: Processing standard module hook 'hook-setuptools.py' from 'C:\\a\\ML-DL-application\\ML-DL-application\\.venv\\Lib\\site-packages\\PyInstaller\\hooks'
29289 INFO: Processing pre-safe-import-module hook 'hook-distutils.py' from 'C:\\a\\ML-DL-application\\ML-DL-application\\.venv\\Lib\\site-packages\\PyInstaller\\hooks\\pre_safe_import_module'
29314 INFO: Processing pre-safe-import-module hook 'hook-jaraco.py' from 'C:\\a\\ML-DL-application\\ML-DL-application\\.venv\\Lib\\site-packages\\PyInstaller\\hooks\\pre_safe_import_module'
29314 INFO: Setuptools: 'jaraco' appears to be a full setuptools-vendored copy - creating alias to 'setuptools._vendor.jaraco'!
29324 INFO: Processing pre-safe-import-module hook 'hook-more_itertools.py' from 'C:\\a\\ML-DL-application\\ML-DL-application\\.venv\\Lib\\site-packages\\PyInstaller\\hooks\\pre_safe_import_module'
29324 INFO: Setuptools: 'more_itertools' appears to be a setuptools-vendored copy - creating alias to 'setuptools._vendor.more_itertools'!
29453 INFO: Processing standard module hook 'hook-_osx_support.py' from 'C:\\a\\ML-DL-application\\ML-DL-application\\.venv\\Lib\\site-packages\\PyInstaller\\hooks'
29467 INFO: Processing pre-safe-import-module hook 'hook-packaging.py' from 'C:\\a\\ML-DL-application\\ML-DL-application\\.venv\\Lib\\site-packages\\PyInstaller\\hooks\\pre_safe_import_module'
29736 INFO: Processing standard module hook 'hook-setuptools._vendor.jaraco.text.py' from 'C:\\a\\ML-DL-application\\ML-DL-application\\.venv\\Lib\\site-packages\\PyInstaller\\hooks'
29736 INFO: Processing pre-safe-import-module hook 'hook-importlib_resources.py' from 'C:\\a\\ML-DL-application\\ML-DL-application\\.venv\\Lib\\site-packages\\PyInstaller\\hooks\\pre_safe_import_module'
29736 INFO: Processing pre-safe-import-module hook 'hook-backports.py' from 'C:\\a\\ML-DL-application\\ML-DL-application\\.venv\\Lib\\site-packages\\PyInstaller\\hooks\\pre_safe_import_module'
29736 INFO: Setuptools: 'backports' appears to be a full setuptools-vendored copy - creating alias to 'setuptools._vendor.backports'!
30230 INFO: Processing pre-safe-import-module hook 'hook-tomli.py' from 'C:\\a\\ML-DL-application\\ML-DL-application\\.venv\\Lib\\site-packages\\PyInstaller\\hooks\\pre_safe_import_module'
30230 INFO: Setuptools: 'tomli' appears to be a setuptools-vendored copy - creating alias to 'setuptools._vendor.tomli'!
30671 INFO: Processing pre-safe-import-module hook 'hook-wheel.py' from 'C:\\a\\ML-DL-application\\ML-DL-application\\.venv\\Lib\\site-packages\\PyInstaller\\hooks\\pre_safe_import_module'
30671 INFO: Setuptools: 'wheel' appears to be a setuptools-vendored copy - creating alias to 'setuptools._vendor.wheel'!
30766 INFO: Analyzing hidden import 'scipy.datasets.tests'
30766 INFO: Analyzing hidden import 'scipy.datasets.tests.test_data'
30766 INFO: Analyzing hidden import 'scipy.differentiate'
30781 INFO: Analyzing hidden import 'scipy.differentiate.tests'
30781 INFO: Analyzing hidden import 'scipy.differentiate.tests.test_differentiate'
30813 INFO: Analyzing hidden import 'scipy.fft._debug_backends'
30813 INFO: Analyzing hidden import 'scipy.fft._duccfft.tests'
30813 INFO: Analyzing hidden import 'scipy.fft._duccfft.tests.test_basic'
30860 INFO: Analyzing hidden import 'scipy.fft._duccfft.tests.test_real_transforms'
30884 INFO: Analyzing hidden import 'scipy.fft.tests'
30886 INFO: Analyzing hidden import 'scipy.fft.tests.mock_backend'
30886 INFO: Analyzing hidden import 'scipy.fft.tests.test_backend'
30896 INFO: Analyzing hidden import 'scipy.fft.tests.test_basic'
30922 INFO: Analyzing hidden import 'scipy.fft.tests.test_fftlog'
30924 INFO: Analyzing hidden import 'scipy.fft.tests.test_helper'
30948 INFO: Analyzing hidden import 'scipy.fft.tests.test_multithreading'
30952 INFO: Analyzing hidden import 'scipy.fft.tests.test_real_transforms'
30983 INFO: Analyzing hidden import 'scipy.fftpack.tests'
30983 INFO: Analyzing hidden import 'scipy.fftpack.tests.test_basic'
31019 INFO: Analyzing hidden import 'scipy.fftpack.tests.test_helper'
31019 INFO: Analyzing hidden import 'scipy.fftpack.tests.test_import'
31019 INFO: Analyzing hidden import 'scipy.fftpack.tests.test_pseudo_diffs'
31034 INFO: Analyzing hidden import 'scipy.fftpack.tests.test_real_transforms'
31066 INFO: Analyzing hidden import 'scipy.integrate._ivp.tests'
31066 INFO: Analyzing hidden import 'scipy.integrate._ivp.tests.test_ivp'
31129 INFO: Analyzing hidden import 'scipy.integrate._ivp.tests.test_rk'
31129 INFO: Analyzing hidden import 'scipy.integrate._test_multivariate'
31129 INFO: Analyzing hidden import 'scipy.integrate.tests'
31129 INFO: Analyzing hidden import 'scipy.integrate.tests.test__quad_vec'
31129 INFO: Analyzing hidden import 'scipy.integrate.tests.test_banded_ode_solvers'
31145 INFO: Analyzing hidden import 'scipy.integrate.tests.test_bvp'
31180 INFO: Analyzing hidden import 'scipy.integrate.tests.test_cubature'
31212 INFO: Analyzing hidden import 'scipy.integrate.tests.test_integrate'
31240 INFO: Analyzing hidden import 'scipy.integrate.tests.test_quadpack'
31270 INFO: Analyzing hidden import 'scipy.integrate.tests.test_quadrature'
31307 INFO: Analyzing hidden import 'scipy.integrate.tests.test_tanhsinh'
31351 INFO: Analyzing hidden import 'scipy.interpolate._regrid'
31379 INFO: Analyzing hidden import 'scipy.interpolate.dfitpack'
31381 INFO: Analyzing hidden import 'scipy.interpolate.tests'
31381 INFO: Analyzing hidden import 'scipy.interpolate.tests.test_bary_rational'
31403 INFO: Analyzing hidden import 'scipy.interpolate.tests.test_bsplines'
31620 INFO: Analyzing hidden import 'scipy.interpolate.tests.test_fitpack'
31636 INFO: Analyzing hidden import 'scipy.interpolate.tests.test_fitpack2'
31735 INFO: Analyzing hidden import 'scipy.interpolate.tests.test_gil'
31739 INFO: Analyzing hidden import 'scipy.interpolate.tests.test_interpnd'
31747 INFO: Analyzing hidden import 'scipy.interpolate.tests.test_interpolate'
31889 INFO: Analyzing hidden import 'scipy.interpolate.tests.test_ndgriddata'
31889 INFO: Analyzing hidden import 'scipy.interpolate.tests.test_pade'
31908 INFO: Analyzing hidden import 'scipy.interpolate.tests.test_polyint'
31951 INFO: Analyzing hidden import 'scipy.interpolate.tests.test_rbf'
31951 INFO: Analyzing hidden import 'scipy.interpolate.tests.test_rbfinterp'
31983 INFO: Analyzing hidden import 'scipy.interpolate.tests.test_rgi'
32036 INFO: Analyzing hidden import 'scipy.io'
32039 INFO: Processing standard module hook 'hook-scipy.io.matlab.py' from 'C:\\a\\ML-DL-application\\ML-DL-application\\.venv\\Lib\\site-packages\\PyInstaller\\hooks'
32239 INFO: Analyzing hidden import 'scipy.io._harwell_boeing.tests'
32241 INFO: Analyzing hidden import 'scipy.io._harwell_boeing.tests.test_fortran_format'
32245 INFO: Analyzing hidden import 'scipy.io._harwell_boeing.tests.test_hb'
32247 INFO: Analyzing hidden import 'scipy.io.arff.tests'
32249 INFO: Analyzing hidden import 'scipy.io.arff.tests.test_arffread'
32263 INFO: Analyzing hidden import 'scipy.io.matlab.tests'
32263 INFO: Analyzing hidden import 'scipy.io.matlab.tests.test_byteordercodes'
32265 INFO: Analyzing hidden import 'scipy.io.matlab.tests.test_mio'
32316 INFO: Analyzing hidden import 'scipy.io.matlab.tests.test_mio5_utils'
32316 INFO: Analyzing hidden import 'scipy.io.matlab.tests.test_mio_funcs'
32316 INFO: Analyzing hidden import 'scipy.io.matlab.tests.test_mio_utils'
32316 INFO: Analyzing hidden import 'scipy.io.matlab.tests.test_miobase'
32332 INFO: Analyzing hidden import 'scipy.io.matlab.tests.test_pathological'
32332 INFO: Analyzing hidden import 'scipy.io.matlab.tests.test_streams'
32332 INFO: Analyzing hidden import 'scipy.io.tests'
32332 INFO: Analyzing hidden import 'scipy.io.tests.test_fortran'
32349 INFO: Analyzing hidden import 'scipy.io.tests.test_idl'
32380 INFO: Analyzing hidden import 'scipy.io.tests.test_mmio'
32396 INFO: Analyzing hidden import 'scipy.io.tests.test_netcdf'
32412 INFO: Analyzing hidden import 'scipy.io.tests.test_paths'
32428 INFO: Analyzing hidden import 'scipy.io.tests.test_wavfile'
32444 INFO: Analyzing hidden import 'scipy.linalg._testutils'
32444 INFO: Analyzing hidden import 'scipy.linalg.cython_blas'
32444 INFO: Analyzing hidden import 'scipy.linalg.cython_lapack'
32444 INFO: Analyzing hidden import 'scipy.linalg.tests'
32444 INFO: Analyzing hidden import 'scipy.linalg.tests.test_basic'
32570 INFO: Analyzing hidden import 'scipy.linalg.tests.test_batch'
32603 INFO: Analyzing hidden import 'scipy.linalg.tests.test_blas'
32650 INFO: Analyzing hidden import 'scipy.linalg.tests.test_cython_abi'
32665 INFO: Analyzing hidden import 'scipy.linalg.tests.test_cython_blas'
32665 INFO: Analyzing hidden import 'scipy.linalg.tests.test_cython_lapack'
32665 INFO: Analyzing hidden import 'scipy.linalg.tests.test_cythonized_array_utils'
32681 INFO: Analyzing hidden import 'scipy.linalg.tests.test_decomp'
32839 INFO: Analyzing hidden import 'scipy.linalg.tests.test_decomp_cholesky'
32867 INFO: Analyzing hidden import 'scipy.linalg.tests.test_decomp_cossin'
32883 INFO: Analyzing hidden import 'scipy.linalg.tests.test_decomp_ldl'
32886 INFO: Analyzing hidden import 'scipy.linalg.tests.test_decomp_lu'
32903 INFO: Analyzing hidden import 'scipy.linalg.tests.test_decomp_polar'
32903 INFO: Analyzing hidden import 'scipy.linalg.tests.test_decomp_update'
32997 INFO: Analyzing hidden import 'scipy.linalg.tests.test_deprecations'
32997 INFO: Analyzing hidden import 'scipy.linalg.tests.test_extending'
32997 INFO: Analyzing hidden import 'scipy.linalg.tests.test_fblas'
33013 INFO: Analyzing hidden import 'scipy.linalg.tests.test_interpolative'
33029 INFO: Analyzing hidden import 'scipy.linalg.tests.test_lapack'
33172 INFO: Analyzing hidden import 'scipy.linalg.tests.test_matfuncs'
33219 INFO: Analyzing hidden import 'scipy.linalg.tests.test_matmul_toeplitz'
33235 INFO: Analyzing hidden import 'scipy.linalg.tests.test_procrustes'
33235 INFO: Analyzing hidden import 'scipy.linalg.tests.test_sketches'
33251 INFO: Analyzing hidden import 'scipy.linalg.tests.test_solve_toeplitz'
33251 INFO: Analyzing hidden import 'scipy.linalg.tests.test_solvers'
33282 INFO: Analyzing hidden import 'scipy.linalg.tests.test_special_matrices'
33298 INFO: Analyzing hidden import 'scipy.misc'
33298 INFO: Analyzing hidden import 'scipy.misc.common'
33314 INFO: Analyzing hidden import 'scipy.misc.doccer'
33314 INFO: Analyzing hidden import 'scipy.ndimage._ctest'
33314 INFO: Analyzing hidden import 'scipy.ndimage._cytest'
33314 INFO: Analyzing hidden import 'scipy.ndimage.tests'
33314 INFO: Analyzing hidden import 'scipy.ndimage.tests.test_c_api'
33314 INFO: Analyzing hidden import 'scipy.ndimage.tests.test_datatypes'
33314 INFO: Analyzing hidden import 'scipy.ndimage.tests.test_filters'
33456 INFO: Analyzing hidden import 'scipy.ndimage.tests.test_fourier'
33456 INFO: Analyzing hidden import 'scipy.ndimage.tests.test_interpolation'
33539 INFO: Analyzing hidden import 'scipy.ndimage.tests.test_measurements'
33609 INFO: Analyzing hidden import 'scipy.ndimage.tests.test_morphology'
33725 INFO: Analyzing hidden import 'scipy.ndimage.tests.test_ni_support'
33741 INFO: Analyzing hidden import 'scipy.ndimage.tests.test_splines'
33741 INFO: Analyzing hidden import 'scipy.odr'
33773 INFO: Analyzing hidden import 'scipy.odr.tests'
33773 INFO: Analyzing hidden import 'scipy.odr.tests.test_odr'
33798 INFO: Analyzing hidden import 'scipy.optimize._trustregion_constr.tests'
33798 INFO: Analyzing hidden import 'scipy.optimize._trustregion_constr.tests.test_canonical_constraint'
33804 INFO: Analyzing hidden import 'scipy.optimize._trustregion_constr.tests.test_nested_minimize'
33804 INFO: Analyzing hidden import 'scipy.optimize._trustregion_constr.tests.test_projections'
33820 INFO: Analyzing hidden import 'scipy.optimize._trustregion_constr.tests.test_qp_subproblem'
33836 INFO: Analyzing hidden import 'scipy.optimize._trustregion_constr.tests.test_report'
33836 INFO: Analyzing hidden import 'scipy.optimize._tstutils'
33884 INFO: Analyzing hidden import 'scipy.optimize.cython_optimize'
33884 INFO: Analyzing hidden import 'scipy.optimize.cython_optimize._zeros'
33884 INFO: Analyzing hidden import 'scipy.optimize.tests'
33884 INFO: Analyzing hidden import 'scipy.optimize.tests.test__basinhopping'
33900 INFO: Analyzing hidden import 'scipy.optimize.tests.test__differential_evolution'
33963 INFO: Analyzing hidden import 'scipy.optimize.tests.test__dual_annealing'
33978 INFO: Analyzing hidden import 'scipy.optimize.tests.test__linprog_clean_inputs'
33994 INFO: Analyzing hidden import 'scipy.optimize.tests.test__numdiff'
34036 INFO: Analyzing hidden import 'scipy.optimize.tests.test__remove_redundancy'
34144 INFO: Analyzing hidden import 'scipy.optimize.tests.test__root'
34146 INFO: Analyzing hidden import 'scipy.optimize.tests.test__shgo'
34216 INFO: Analyzing hidden import 'scipy.optimize.tests.test__spectral'
34232 INFO: Analyzing hidden import 'scipy.optimize.tests.test_bracket'
34291 INFO: Analyzing hidden import 'scipy.optimize.tests.test_chandrupatla'
34327 INFO: Analyzing hidden import 'scipy.optimize.tests.test_cobyla'
34343 INFO: Analyzing hidden import 'scipy.optimize.tests.test_cobyqa'
34356 INFO: Analyzing hidden import 'scipy.optimize.tests.test_constraint_conversion'
34358 INFO: Analyzing hidden import 'scipy.optimize.tests.test_constraints'
34374 INFO: Analyzing hidden import 'scipy.optimize.tests.test_cython_abi'
34374 INFO: Analyzing hidden import 'scipy.optimize.tests.test_cython_optimize'
34374 INFO: Analyzing hidden import 'scipy.optimize.tests.test_differentiable_functions'
34422 INFO: Analyzing hidden import 'scipy.optimize.tests.test_direct'
34444 INFO: Analyzing hidden import 'scipy.optimize.tests.test_extending'
34446 INFO: Analyzing hidden import 'scipy.optimize.tests.test_hessian_update_strategy'
34454 INFO: Analyzing hidden import 'scipy.optimize.tests.test_isotonic_regression'
34454 INFO: Analyzing hidden import 'scipy.optimize.tests.test_lbfgsb_hessinv'
34470 INFO: Analyzing hidden import 'scipy.optimize.tests.test_lbfgsb_setulb'
34470 INFO: Analyzing hidden import 'scipy.optimize.tests.test_least_squares'
34502 INFO: Analyzing hidden import 'scipy.optimize.tests.test_linear_assignment'
34517 INFO: Analyzing hidden import 'scipy.optimize.tests.test_linesearch'
34533 INFO: Analyzing hidden import 'scipy.optimize.tests.test_lsq_common'
34549 INFO: Analyzing hidden import 'scipy.optimize.tests.test_lsq_linear'
34565 INFO: Analyzing hidden import 'scipy.optimize.tests.test_milp'
34593 INFO: Analyzing hidden import 'scipy.optimize.tests.test_minpack'
34629 INFO: Analyzing hidden import 'scipy.optimize.tests.test_nnls'
34644 INFO: Analyzing hidden import 'scipy.optimize.tests.test_nonlin'
34675 INFO: Analyzing hidden import 'scipy.optimize.tests.test_optimize'
34802 INFO: Analyzing hidden import 'scipy.optimize.tests.test_quadratic_assignment'
34824 INFO: Analyzing hidden import 'scipy.optimize.tests.test_regression'
34826 INFO: Analyzing hidden import 'scipy.optimize.tests.test_slsqp'
34849 INFO: Analyzing hidden import 'scipy.optimize.tests.test_tnc'
34864 INFO: Analyzing hidden import 'scipy.optimize.tests.test_trustregion'
34866 INFO: Analyzing hidden import 'scipy.optimize.tests.test_trustregion_exact'
34881 INFO: Analyzing hidden import 'scipy.optimize.tests.test_trustregion_krylov'
34881 INFO: Analyzing hidden import 'scipy.optimize.tests.test_zeros'
34929 INFO: Analyzing hidden import 'scipy.signal'
35405 INFO: Analyzing hidden import 'scipy.signal.tests'
35405 INFO: Analyzing hidden import 'scipy.signal.tests._scipy_spectral_test_shim'
35405 INFO: Analyzing hidden import 'scipy.signal.tests.mpsig'
36631 INFO: Analyzing hidden import 'scipy.signal.tests.test_array_tools'
36631 INFO: Analyzing hidden import 'scipy.signal.tests.test_bsplines'
36653 INFO: Analyzing hidden import 'scipy.signal.tests.test_cont2discrete'
36669 INFO: Analyzing hidden import 'scipy.signal.tests.test_czt'
36673 INFO: Analyzing hidden import 'scipy.signal.tests.test_dltisys'
36689 INFO: Analyzing hidden import 'scipy.signal.tests.test_filter_design'
36908 INFO: Analyzing hidden import 'scipy.signal.tests.test_fir_filter_design'
36947 INFO: Analyzing hidden import 'scipy.signal.tests.test_ltisys'
36999 INFO: Analyzing hidden import 'scipy.signal.tests.test_max_len_seq'
37003 INFO: Analyzing hidden import 'scipy.signal.tests.test_peak_finding'
37036 INFO: Analyzing hidden import 'scipy.signal.tests.test_result_type'
37036 INFO: Analyzing hidden import 'scipy.signal.tests.test_savitzky_golay'
37052 INFO: Analyzing hidden import 'scipy.signal.tests.test_short_time_fft'
37099 INFO: Analyzing hidden import 'scipy.signal.tests.test_signaltools'
37327 INFO: Analyzing hidden import 'scipy.signal.tests.test_spectral'
37400 INFO: Analyzing hidden import 'scipy.signal.tests.test_splines'
37416 INFO: Analyzing hidden import 'scipy.signal.tests.test_upfirdn'
37432 INFO: Analyzing hidden import 'scipy.signal.tests.test_waveforms'
37448 INFO: Analyzing hidden import 'scipy.signal.tests.test_wavelets'
37463 INFO: Analyzing hidden import 'scipy.signal.tests.test_whittaker'
37479 INFO: Analyzing hidden import 'scipy.signal.tests.test_windows'
37543 INFO: Analyzing hidden import 'scipy.sparse.csgraph._validation'
37559 INFO: Analyzing hidden import 'scipy.sparse.csgraph.tests.test_connected_components'
37559 INFO: Analyzing hidden import 'scipy.sparse.csgraph.tests.test_conversions'
37559 INFO: Analyzing hidden import 'scipy.sparse.csgraph.tests.test_flow'
37575 INFO: Analyzing hidden import 'scipy.sparse.csgraph.tests.test_graph_laplacian'
37575 INFO: Analyzing hidden import 'scipy.sparse.csgraph.tests.test_index_arrays_dtype'
37594 INFO: Analyzing hidden import 'scipy.sparse.csgraph.tests.test_pydata_sparse'
37594 INFO: Analyzing hidden import 'scipy.sparse.csgraph.tests.test_reordering'
37594 INFO: Analyzing hidden import 'scipy.sparse.csgraph.tests.test_shortest_path'
37607 INFO: Analyzing hidden import 'scipy.sparse.csgraph.tests.test_spanning_tree'
37622 INFO: Analyzing hidden import 'scipy.sparse.csgraph.tests.test_traversal'
37622 INFO: Analyzing hidden import 'scipy.sparse.linalg._dsolve.tests'
37622 INFO: Analyzing hidden import 'scipy.sparse.linalg._dsolve.tests.test_linsolve'
37669 INFO: Analyzing hidden import 'scipy.sparse.linalg._eigen._svds_doc'
37669 INFO: Analyzing hidden import 'scipy.sparse.linalg._eigen.arpack.tests'
37669 INFO: Analyzing hidden import 'scipy.sparse.linalg._eigen.arpack.tests.test_arpack'
37701 INFO: Analyzing hidden import 'scipy.sparse.linalg._eigen.lobpcg.tests'
37701 INFO: Analyzing hidden import 'scipy.sparse.linalg._eigen.lobpcg.tests.test_lobpcg'
37733 INFO: Analyzing hidden import 'scipy.sparse.linalg._eigen.tests'
37733 INFO: Analyzing hidden import 'scipy.sparse.linalg._eigen.tests.test_svds'
37772 INFO: Analyzing hidden import 'scipy.sparse.linalg._isolve.tests'
37774 INFO: Analyzing hidden import 'scipy.sparse.linalg._isolve.tests.test_gcrotmk'
37780 INFO: Analyzing hidden import 'scipy.sparse.linalg._isolve.tests.test_iterative'
37812 INFO: Analyzing hidden import 'scipy.sparse.linalg._isolve.tests.test_lgmres'
37828 INFO: Analyzing hidden import 'scipy.sparse.linalg._isolve.tests.test_lsmr'
37844 INFO: Analyzing hidden import 'scipy.sparse.linalg._isolve.tests.test_minres'
37844 INFO: Analyzing hidden import 'scipy.sparse.linalg._isolve.tests.test_utils'
37844 INFO: Analyzing hidden import 'scipy.sparse.linalg.tests'
37844 INFO: Analyzing hidden import 'scipy.sparse.linalg.tests.test_expm_multiply'
37860 INFO: Analyzing hidden import 'scipy.sparse.linalg.tests.test_funm_multiply_krylov'
37877 INFO: Analyzing hidden import 'scipy.sparse.linalg.tests.test_interface'
37923 INFO: Analyzing hidden import 'scipy.sparse.linalg.tests.test_matfuncs'
37954 INFO: Analyzing hidden import 'scipy.sparse.linalg.tests.test_norm'
37954 INFO: Analyzing hidden import 'scipy.sparse.linalg.tests.test_onenormest'
37970 INFO: Analyzing hidden import 'scipy.sparse.linalg.tests.test_propack'
37970 INFO: Analyzing hidden import 'scipy.sparse.linalg.tests.test_pydata_sparse'
37986 INFO: Analyzing hidden import 'scipy.sparse.linalg.tests.test_special_sparse_arrays'
38002 INFO: Analyzing hidden import 'scipy.sparse.spfuncs'
38002 INFO: Analyzing hidden import 'scipy.sparse.tests'
38002 INFO: Analyzing hidden import 'scipy.sparse.tests.test_64bit'
38286 INFO: Analyzing hidden import 'scipy.sparse.tests.test_arithmetic1d'
38302 INFO: Analyzing hidden import 'scipy.sparse.tests.test_array_api'
38318 INFO: Analyzing hidden import 'scipy.sparse.tests.test_common1d'
38334 INFO: Analyzing hidden import 'scipy.sparse.tests.test_construct'
38398 INFO: Analyzing hidden import 'scipy.sparse.tests.test_coo'
38462 INFO: Analyzing hidden import 'scipy.sparse.tests.test_csc'
38462 INFO: Analyzing hidden import 'scipy.sparse.tests.test_csr'
38478 INFO: Analyzing hidden import 'scipy.sparse.tests.test_dok'
38494 INFO: Analyzing hidden import 'scipy.sparse.tests.test_extract'
38494 INFO: Analyzing hidden import 'scipy.sparse.tests.test_indexing1d'
38525 INFO: Analyzing hidden import 'scipy.sparse.tests.test_matrix_io'
38525 INFO: Analyzing hidden import 'scipy.sparse.tests.test_minmax1d'
38541 INFO: Analyzing hidden import 'scipy.sparse.tests.test_sparsetools'
38541 INFO: Analyzing hidden import 'scipy.sparse.tests.test_spfuncs'
38561 INFO: Analyzing hidden import 'scipy.sparse.tests.test_sputils'
38581 INFO: Analyzing hidden import 'scipy.spatial.tests'
38581 INFO: Analyzing hidden import 'scipy.spatial.tests.test__plotutils'
38585 INFO: Analyzing hidden import 'scipy.spatial.tests.test__procrustes'
38591 INFO: Analyzing hidden import 'scipy.spatial.tests.test_distance'
38684 INFO: Analyzing hidden import 'scipy.spatial.tests.test_hausdorff'
38692 INFO: Analyzing hidden import 'scipy.spatial.tests.test_kdtree'
38747 INFO: Analyzing hidden import 'scipy.spatial.tests.test_qhull'
38795 INFO: Analyzing hidden import 'scipy.spatial.tests.test_slerp'
38823 INFO: Analyzing hidden import 'scipy.spatial.tests.test_spherical_voronoi'
38838 INFO: Analyzing hidden import 'scipy.spatial.transform.tests'
38840 INFO: Analyzing hidden import 'scipy.spatial.transform.tests.test_rigid_transform'
38912 INFO: Analyzing hidden import 'scipy.spatial.transform.tests.test_rotation'
39047 INFO: Analyzing hidden import 'scipy.spatial.transform.tests.test_rotation_groups'
39063 INFO: Analyzing hidden import 'scipy.spatial.transform.tests.test_rotation_spline'
39063 INFO: Analyzing hidden import 'scipy.special._add_newdocs'
39079 INFO: Analyzing hidden import 'scipy.special._mptestutils'
39095 INFO: Analyzing hidden import 'scipy.special._precompute'
39095 INFO: Analyzing hidden import 'scipy.special._precompute.cosine_cdf'
39095 INFO: Analyzing hidden import 'scipy.special._precompute.expn_asy'
48191 INFO: Processing standard module hook 'hook-xml.dom.domreg.py' from 'C:\\a\\ML-DL-application\\ML-DL-application\\.venv\\Lib\\site-packages\\PyInstaller\\hooks'
49262 INFO: Analyzing hidden import 'scipy.special._precompute.gammainc_asy'
49277 INFO: Analyzing hidden import 'scipy.special._precompute.gammainc_data'
49277 INFO: Analyzing hidden import 'scipy.special._precompute.hyp2f1_data'
49331 INFO: Analyzing hidden import 'scipy.special._precompute.lambertw'
49335 INFO: Analyzing hidden import 'scipy.special._precompute.loggamma'
49337 INFO: Analyzing hidden import 'scipy.special._precompute.struve_convergence'
49341 INFO: Analyzing hidden import 'scipy.special._precompute.wright_bessel'
49355 INFO: Analyzing hidden import 'scipy.special._precompute.wright_bessel_data'
49356 INFO: Analyzing hidden import 'scipy.special._precompute.wrightomega'
49356 INFO: Analyzing hidden import 'scipy.special._precompute.zetac'
49356 INFO: Analyzing hidden import 'scipy.special._test_internal'
49356 INFO: Analyzing hidden import 'scipy.special._ufuncs_cxx'
49356 INFO: Analyzing hidden import 'scipy.special.cython_special'
49356 INFO: Analyzing hidden import 'scipy.special.tests.data'
49356 INFO: Analyzing hidden import 'scipy.special.tests.test_basic'
49580 INFO: Analyzing hidden import 'scipy.special.tests.test_bdtr'
49580 INFO: Analyzing hidden import 'scipy.special.tests.test_boost_ufuncs'
49595 INFO: Analyzing hidden import 'scipy.special.tests.test_boxcox'
49595 INFO: Analyzing hidden import 'scipy.special.tests.test_cdflib'
49627 INFO: Analyzing hidden import 'scipy.special.tests.test_cdft_asymptotic'
49627 INFO: Analyzing hidden import 'scipy.special.tests.test_cephes_intp_cast'
49627 INFO: Analyzing hidden import 'scipy.special.tests.test_cosine_distr'
49627 INFO: Analyzing hidden import 'scipy.special.tests.test_cython_abi'
49627 INFO: Analyzing hidden import 'scipy.special.tests.test_cython_special'
49661 INFO: Analyzing hidden import 'scipy.special.tests.test_data'
49687 INFO: Analyzing hidden import 'scipy.special.tests.test_dd'
49689 INFO: Analyzing hidden import 'scipy.special.tests.test_digamma'
49693 INFO: Analyzing hidden import 'scipy.special.tests.test_ellip_harm'
49708 INFO: Analyzing hidden import 'scipy.special.tests.test_erfinv'
49713 INFO: Analyzing hidden import 'scipy.special.tests.test_exponential_integrals'
49717 INFO: Analyzing hidden import 'scipy.special.tests.test_extending'
49719 INFO: Analyzing hidden import 'scipy.special.tests.test_faddeeva'
49721 INFO: Analyzing hidden import 'scipy.special.tests.test_gamma'
49722 INFO: Analyzing hidden import 'scipy.special.tests.test_gammainc'
49728 INFO: Analyzing hidden import 'scipy.special.tests.test_gen_harmonic'
49732 INFO: Analyzing hidden import 'scipy.special.tests.test_hypergeometric'
49738 INFO: Analyzing hidden import 'scipy.special.tests.test_iv_ratio'
49740 INFO: Analyzing hidden import 'scipy.special.tests.test_kolmogorov'
49770 INFO: Analyzing hidden import 'scipy.special.tests.test_lambertw'
49776 INFO: Analyzing hidden import 'scipy.special.tests.test_legendre'
49839 INFO: Analyzing hidden import 'scipy.special.tests.test_log1mexp'
49841 INFO: Analyzing hidden import 'scipy.special.tests.test_loggamma'
49841 INFO: Analyzing hidden import 'scipy.special.tests.test_logit'
49849 INFO: Analyzing hidden import 'scipy.special.tests.test_logsumexp'
49865 INFO: Analyzing hidden import 'scipy.special.tests.test_mpmath'
49944 INFO: Analyzing hidden import 'scipy.special.tests.test_nan_inputs'
49946 INFO: Analyzing hidden import 'scipy.special.tests.test_ndtr'
49946 INFO: Analyzing hidden import 'scipy.special.tests.test_ndtri_exp'
49946 INFO: Analyzing hidden import 'scipy.special.tests.test_orthogonal'
50001 INFO: Analyzing hidden import 'scipy.special.tests.test_orthogonal_eval'
50017 INFO: Analyzing hidden import 'scipy.special.tests.test_owens_t'
50017 INFO: Analyzing hidden import 'scipy.special.tests.test_pcf'
50023 INFO: Analyzing hidden import 'scipy.special.tests.test_pdtr'
50023 INFO: Analyzing hidden import 'scipy.special.tests.test_powm1'
50023 INFO: Analyzing hidden import 'scipy.special.tests.test_precompute_expn_asy'
50023 INFO: Analyzing hidden import 'scipy.special.tests.test_precompute_gammainc'
50023 INFO: Analyzing hidden import 'scipy.special.tests.test_precompute_utils'
50023 INFO: Analyzing hidden import 'scipy.special.tests.test_round'
50039 INFO: Analyzing hidden import 'scipy.special.tests.test_sf_error'
50039 INFO: Analyzing hidden import 'scipy.special.tests.test_sici'
50039 INFO: Analyzing hidden import 'scipy.special.tests.test_specfun'
50039 INFO: Analyzing hidden import 'scipy.special.tests.test_spence'
50039 INFO: Analyzing hidden import 'scipy.special.tests.test_spfun_stats'
50054 INFO: Analyzing hidden import 'scipy.special.tests.test_sph_harm'
50054 INFO: Analyzing hidden import 'scipy.special.tests.test_spherical_bessel'
50070 INFO: Analyzing hidden import 'scipy.special.tests.test_support_alternative_backends'
50086 INFO: Analyzing hidden import 'scipy.special.tests.test_trig'
50086 INFO: Analyzing hidden import 'scipy.special.tests.test_ufunc_infra'
50086 INFO: Analyzing hidden import 'scipy.special.tests.test_ufunc_signatures'
50086 INFO: Analyzing hidden import 'scipy.special.tests.test_wright_bessel'
50106 INFO: Analyzing hidden import 'scipy.special.tests.test_wrightomega'
50110 INFO: Analyzing hidden import 'scipy.special.tests.test_zeta'
50116 INFO: Analyzing hidden import 'scipy.stats._continued_fraction'
50122 INFO: Analyzing hidden import 'scipy.stats._result_classes'
50124 INFO: Analyzing hidden import 'scipy.stats._sampling'
50150 INFO: Analyzing hidden import 'scipy.stats.sampling'
50150 INFO: Analyzing hidden import 'scipy.stats.tests'
50150 INFO: Analyzing hidden import 'scipy.stats.tests.common_tests'
50181 INFO: Analyzing hidden import 'scipy.stats.tests.test_axis_nan_policy'
50228 INFO: Analyzing hidden import 'scipy.stats.tests.test_binned_statistic'
50260 INFO: Analyzing hidden import 'scipy.stats.tests.test_censored_data'
50273 INFO: Analyzing hidden import 'scipy.stats.tests.test_contingency'
50283 INFO: Analyzing hidden import 'scipy.stats.tests.test_continued_fraction'
50291 INFO: Analyzing hidden import 'scipy.stats.tests.test_continuous'
50386 INFO: Analyzing hidden import 'scipy.stats.tests.test_continuous_basic'
50439 INFO: Analyzing hidden import 'scipy.stats.tests.test_continuous_fit_censored'
50453 INFO: Analyzing hidden import 'scipy.stats.tests.test_correlation'
50471 INFO: Analyzing hidden import 'scipy.stats.tests.test_crosstab'
50477 INFO: Analyzing hidden import 'scipy.stats.tests.test_device_dtype'
50487 INFO: Analyzing hidden import 'scipy.stats.tests.test_discrete_basic'
50497 INFO: Analyzing hidden import 'scipy.stats.tests.test_discrete_distns'
50529 INFO: Analyzing hidden import 'scipy.stats.tests.test_distributions'
50893 INFO: Analyzing hidden import 'scipy.stats.tests.test_entropy'
50908 INFO: Analyzing hidden import 'scipy.stats.tests.test_fast_gen_inversion'
50924 INFO: Analyzing hidden import 'scipy.stats.tests.test_fit'
50974 INFO: Analyzing hidden import 'scipy.stats.tests.test_hypotests'
51061 INFO: Analyzing hidden import 'scipy.stats.tests.test_kdeoth'
51123 INFO: Analyzing hidden import 'scipy.stats.tests.test_marray'
51147 INFO: Analyzing hidden import 'scipy.stats.tests.test_mgc'
51162 INFO: Analyzing hidden import 'scipy.stats.tests.test_morestats'
51320 INFO: Analyzing hidden import 'scipy.stats.tests.test_mstats_basic'
51415 INFO: Analyzing hidden import 'scipy.stats.tests.test_mstats_extras'
51423 INFO: Analyzing hidden import 'scipy.stats.tests.test_multicomp'
51431 INFO: Analyzing hidden import 'scipy.stats.tests.test_multivariate'
51637 INFO: Analyzing hidden import 'scipy.stats.tests.test_new_distributions'
51637 INFO: Analyzing hidden import 'scipy.stats.tests.test_odds_ratio'
51652 INFO: Analyzing hidden import 'scipy.stats.tests.test_qmc'
51715 INFO: Analyzing hidden import 'scipy.stats.tests.test_quantile'
51747 INFO: Analyzing hidden import 'scipy.stats.tests.test_rank'
51763 INFO: Analyzing hidden import 'scipy.stats.tests.test_relative_risk'
51778 INFO: Analyzing hidden import 'scipy.stats.tests.test_resampling'
51857 INFO: Analyzing hidden import 'scipy.stats.tests.test_sampling'
51921 INFO: Analyzing hidden import 'scipy.stats.tests.test_sensitivity_analysis'
51937 INFO: Analyzing hidden import 'scipy.stats.tests.test_stats'
52379 INFO: Analyzing hidden import 'scipy.stats.tests.test_survival'
52403 INFO: Analyzing hidden import 'scipy.stats.tests.test_tukeylambda_stats'
52403 INFO: Analyzing hidden import 'scipy.stats.tests.test_variation'
52411 INFO: Analyzing hidden import 'onnxruntime.capi.convert_npz_to_onnx_adapter'
52411 INFO: Analyzing hidden import 'onnxruntime.datasets'
52411 INFO: Analyzing hidden import 'onnxruntime.tools'
52411 INFO: Analyzing hidden import 'onnxruntime.tools.check_onnx_model_mobile_usability'
52457 INFO: Analyzing hidden import 'onnxruntime.tools.convert_onnx_models_to_ort'
52492 INFO: Analyzing hidden import 'onnxruntime.tools.make_dynamic_shape_fixed'
52494 INFO: Analyzing hidden import 'onnxruntime.tools.offline_tuning'
52496 INFO: Analyzing hidden import 'onnxruntime.tools.onnx_randomizer'
52505 INFO: Analyzing hidden import 'onnxruntime.tools.onnxruntime_test'
52506 INFO: Analyzing hidden import 'onnxruntime.tools.optimize_onnx_model'
52506 INFO: Analyzing hidden import 'onnxruntime.tools.ort_format_model.ort_flatbuffers_py'
52506 INFO: Analyzing hidden import 'onnxruntime.tools.ort_format_model.ort_flatbuffers_py.fbs'
52506 INFO: Analyzing hidden import 'onnxruntime.tools.ort_format_model.ort_flatbuffers_py.fbs.ArgType'
52506 INFO: Analyzing hidden import 'onnxruntime.tools.ort_format_model.ort_flatbuffers_py.fbs.ArgTypeAndIndex'
52540 INFO: Analyzing hidden import 'onnxruntime.tools.ort_format_model.ort_flatbuffers_py.fbs.Attribute'
52554 INFO: Analyzing hidden import 'onnxruntime.tools.ort_format_model.ort_flatbuffers_py.fbs.AttributeType'
52554 INFO: Analyzing hidden import 'onnxruntime.tools.ort_format_model.ort_flatbuffers_py.fbs.Checkpoint'
52569 INFO: Analyzing hidden import 'onnxruntime.tools.ort_format_model.ort_flatbuffers_py.fbs.DeprecatedKernelCreateInfos'
52573 INFO: Analyzing hidden import 'onnxruntime.tools.ort_format_model.ort_flatbuffers_py.fbs.DeprecatedNodeIndexAndKernelDefHash'
52573 INFO: Analyzing hidden import 'onnxruntime.tools.ort_format_model.ort_flatbuffers_py.fbs.DeprecatedSessionState'
52573 INFO: Analyzing hidden import 'onnxruntime.tools.ort_format_model.ort_flatbuffers_py.fbs.DeprecatedSubGraphSessionState'
52573 INFO: Analyzing hidden import 'onnxruntime.tools.ort_format_model.ort_flatbuffers_py.fbs.Dimension'
52585 INFO: Analyzing hidden import 'onnxruntime.tools.ort_format_model.ort_flatbuffers_py.fbs.DimensionValue'
52585 INFO: Analyzing hidden import 'onnxruntime.tools.ort_format_model.ort_flatbuffers_py.fbs.DimensionValueType'
52585 INFO: Analyzing hidden import 'onnxruntime.tools.ort_format_model.ort_flatbuffers_py.fbs.EdgeEnd'
52585 INFO: Analyzing hidden import 'onnxruntime.tools.ort_format_model.ort_flatbuffers_py.fbs.FloatProperty'
52595 INFO: Analyzing hidden import 'onnxruntime.tools.ort_format_model.ort_flatbuffers_py.fbs.Graph'
52606 INFO: Analyzing hidden import 'onnxruntime.tools.ort_format_model.ort_flatbuffers_py.fbs.InferenceSession'
52610 INFO: Analyzing hidden import 'onnxruntime.tools.ort_format_model.ort_flatbuffers_py.fbs.IntProperty'
52612 INFO: Analyzing hidden import 'onnxruntime.tools.ort_format_model.ort_flatbuffers_py.fbs.KernelTypeStrArgsEntry'
52617 INFO: Analyzing hidden import 'onnxruntime.tools.ort_format_model.ort_flatbuffers_py.fbs.KernelTypeStrResolver'
52619 INFO: Analyzing hidden import 'onnxruntime.tools.ort_format_model.ort_flatbuffers_py.fbs.MapType'
52623 INFO: Analyzing hidden import 'onnxruntime.tools.ort_format_model.ort_flatbuffers_py.fbs.Model'
52631 INFO: Analyzing hidden import 'onnxruntime.tools.ort_format_model.ort_flatbuffers_py.fbs.ModuleState'
52635 INFO: Analyzing hidden import 'onnxruntime.tools.ort_format_model.ort_flatbuffers_py.fbs.Node'
52647 INFO: Analyzing hidden import 'onnxruntime.tools.ort_format_model.ort_flatbuffers_py.fbs.NodeEdge'
52650 INFO: Analyzing hidden import 'onnxruntime.tools.ort_format_model.ort_flatbuffers_py.fbs.NodeType'
52650 INFO: Analyzing hidden import 'onnxruntime.tools.ort_format_model.ort_flatbuffers_py.fbs.NodesToOptimizeIndices'
52657 INFO: Analyzing hidden import 'onnxruntime.tools.ort_format_model.ort_flatbuffers_py.fbs.OpIdKernelTypeStrArgsEntry'
52661 INFO: Analyzing hidden import 'onnxruntime.tools.ort_format_model.ort_flatbuffers_py.fbs.OperatorSetId'
52663 INFO: Analyzing hidden import 'onnxruntime.tools.ort_format_model.ort_flatbuffers_py.fbs.OptimizerGroup'
52664 INFO: Analyzing hidden import 'onnxruntime.tools.ort_format_model.ort_flatbuffers_py.fbs.ParameterOptimizerState'
52664 INFO: Analyzing hidden import 'onnxruntime.tools.ort_format_model.ort_flatbuffers_py.fbs.PropertyBag'
52664 INFO: Analyzing hidden import 'onnxruntime.tools.ort_format_model.ort_flatbuffers_py.fbs.RuntimeOptimizationRecord'
52680 INFO: Analyzing hidden import 'onnxruntime.tools.ort_format_model.ort_flatbuffers_py.fbs.RuntimeOptimizationRecordContainerEntry'
52680 INFO: Analyzing hidden import 'onnxruntime.tools.ort_format_model.ort_flatbuffers_py.fbs.RuntimeOptimizations'
52680 INFO: Analyzing hidden import 'onnxruntime.tools.ort_format_model.ort_flatbuffers_py.fbs.SequenceType'
52680 INFO: Analyzing hidden import 'onnxruntime.tools.ort_format_model.ort_flatbuffers_py.fbs.Shape'
52680 INFO: Analyzing hidden import 'onnxruntime.tools.ort_format_model.ort_flatbuffers_py.fbs.SparseTensor'
52696 INFO: Analyzing hidden import 'onnxruntime.tools.ort_format_model.ort_flatbuffers_py.fbs.StringProperty'
52696 INFO: Analyzing hidden import 'onnxruntime.tools.ort_format_model.ort_flatbuffers_py.fbs.StringStringEntry'
52696 INFO: Analyzing hidden import 'onnxruntime.tools.ort_format_model.ort_flatbuffers_py.fbs.Tensor'
52712 INFO: Analyzing hidden import 'onnxruntime.tools.ort_format_model.ort_flatbuffers_py.fbs.TensorDataType'
52712 INFO: Analyzing hidden import 'onnxruntime.tools.ort_format_model.ort_flatbuffers_py.fbs.TensorTypeAndShape'
52712 INFO: Analyzing hidden import 'onnxruntime.tools.ort_format_model.ort_flatbuffers_py.fbs.TypeInfo'
52712 INFO: Analyzing hidden import 'onnxruntime.tools.ort_format_model.ort_flatbuffers_py.fbs.TypeInfoValue'
52712 INFO: Analyzing hidden import 'onnxruntime.tools.ort_format_model.ort_flatbuffers_py.fbs.ValueInfo'
52712 INFO: Analyzing hidden import 'onnxruntime.tools.pytorch_export_contrib_ops'
52727 INFO: Analyzing hidden import 'onnxruntime.tools.qdq_helpers'
52727 INFO: Analyzing hidden import 'onnxruntime.tools.qdq_helpers.optimize_qdq_model'
52727 INFO: Analyzing hidden import 'onnxruntime.tools.reduced_build_config_parser'
52727 INFO: Analyzing hidden import 'onnxruntime.tools.remove_initializer_from_input'
52727 INFO: Analyzing hidden import 'onnxruntime.tools.symbolic_shape_infer'
52854 INFO: Analyzing hidden import 'onnxruntime.tools.update_onnx_opset'
52854 INFO: Analyzing hidden import 'onnxruntime.transformers.affinity_helper'
52870 INFO: Analyzing hidden import 'onnxruntime.transformers.benchmark'
52890 INFO: Analyzing hidden import 'onnxruntime.transformers.benchmark_helper'
52910 INFO: Analyzing hidden import 'onnxruntime.transformers.bert_perf_test'
52918 INFO: Analyzing hidden import 'onnxruntime.transformers.bert_test_data'
52933 INFO: Analyzing hidden import 'onnxruntime.transformers.compare_bert_results'
52933 INFO: Analyzing hidden import 'onnxruntime.transformers.constants'
52933 INFO: Analyzing hidden import 'onnxruntime.transformers.convert_generation'
53108 INFO: Analyzing hidden import 'onnxruntime.transformers.convert_tf_models_to_pytorch'
53108 INFO: Analyzing hidden import 'onnxruntime.transformers.convert_to_packing_mode'
53124 INFO: Analyzing hidden import 'onnxruntime.transformers.dynamo_onnx_helper'
53124 INFO: Analyzing hidden import 'onnxruntime.transformers.float16'
53140 INFO: Analyzing hidden import 'onnxruntime.transformers.fusion_attention'
53171 INFO: Analyzing hidden import 'onnxruntime.transformers.fusion_attention_clip'
53187 INFO: Analyzing hidden import 'onnxruntime.transformers.fusion_attention_sam2'
53202 INFO: Analyzing hidden import 'onnxruntime.transformers.fusion_attention_unet'
53234 INFO: Analyzing hidden import 'onnxruntime.transformers.fusion_attention_vae'
53234 INFO: Analyzing hidden import 'onnxruntime.transformers.fusion_bart_attention'
53250 INFO: Analyzing hidden import 'onnxruntime.transformers.fusion_base'
53265 INFO: Analyzing hidden import 'onnxruntime.transformers.fusion_bias_add'
53268 INFO: Analyzing hidden import 'onnxruntime.transformers.fusion_biasgelu'
53270 INFO: Analyzing hidden import 'onnxruntime.transformers.fusion_biassplitgelu'
53274 INFO: Analyzing hidden import 'onnxruntime.transformers.fusion_conformer_attention'
53280 INFO: Analyzing hidden import 'onnxruntime.transformers.fusion_constant_fold'
53282 INFO: Analyzing hidden import 'onnxruntime.transformers.fusion_embedlayer'
53298 INFO: Analyzing hidden import 'onnxruntime.transformers.fusion_fastgelu'
53314 INFO: Analyzing hidden import 'onnxruntime.transformers.fusion_gelu'
53314 INFO: Analyzing hidden import 'onnxruntime.transformers.fusion_gelu_approximation'
53314 INFO: Analyzing hidden import 'onnxruntime.transformers.fusion_gemmfastgelu'
53330 INFO: Analyzing hidden import 'onnxruntime.transformers.fusion_gpt_attention'
53330 INFO: Analyzing hidden import 'onnxruntime.transformers.fusion_gpt_attention_megatron'
53346 INFO: Analyzing hidden import 'onnxruntime.transformers.fusion_gpt_attention_no_past'
53346 INFO: Analyzing hidden import 'onnxruntime.transformers.fusion_group_norm'
53362 INFO: Analyzing hidden import 'onnxruntime.transformers.fusion_layernorm'
53362 INFO: Analyzing hidden import 'onnxruntime.transformers.fusion_mha_dit'
53389 INFO: Analyzing hidden import 'onnxruntime.transformers.fusion_mha_mmdit'
53394 INFO: Analyzing hidden import 'onnxruntime.transformers.fusion_nhwc_conv'
53394 INFO: Analyzing hidden import 'onnxruntime.transformers.fusion_options'
53410 INFO: Analyzing hidden import 'onnxruntime.transformers.fusion_qordered_attention'
53410 INFO: Analyzing hidden import 'onnxruntime.transformers.fusion_qordered_gelu'
53410 INFO: Analyzing hidden import 'onnxruntime.transformers.fusion_qordered_layernorm'
53426 INFO: Analyzing hidden import 'onnxruntime.transformers.fusion_qordered_matmul'
53426 INFO: Analyzing hidden import 'onnxruntime.transformers.fusion_quickgelu'
53426 INFO: Analyzing hidden import 'onnxruntime.transformers.fusion_reshape'
53442 INFO: Analyzing hidden import 'onnxruntime.transformers.fusion_rotary_attention'
53484 INFO: Analyzing hidden import 'onnxruntime.transformers.fusion_shape'
53488 INFO: Analyzing hidden import 'onnxruntime.transformers.fusion_simplified_layernorm'
53493 INFO: Analyzing hidden import 'onnxruntime.transformers.fusion_skip_group_norm'
53499 INFO: Analyzing hidden import 'onnxruntime.transformers.fusion_skiplayernorm'
53507 INFO: Analyzing hidden import 'onnxruntime.transformers.fusion_transpose'
53511 INFO: Analyzing hidden import 'onnxruntime.transformers.fusion_utils'
53521 INFO: Analyzing hidden import 'onnxruntime.transformers.huggingface_models'
53523 INFO: Analyzing hidden import 'onnxruntime.transformers.import_utils'
53525 INFO: Analyzing hidden import 'onnxruntime.transformers.io_binding_helper'
53541 INFO: Analyzing hidden import 'onnxruntime.transformers.large_model_exporter'
53555 INFO: Analyzing hidden import 'onnxruntime.transformers.metrics'
53561 INFO: Analyzing hidden import 'onnxruntime.transformers.onnx_exporter'
53569 INFO: Analyzing hidden import 'onnxruntime.transformers.onnx_model'
53617 INFO: Analyzing hidden import 'onnxruntime.transformers.onnx_model_bart'
53632 INFO: Analyzing hidden import 'onnxruntime.transformers.onnx_model_bert'
53652 INFO: Analyzing hidden import 'onnxruntime.transformers.onnx_model_bert_keras'
53666 INFO: Analyzing hidden import 'onnxruntime.transformers.onnx_model_bert_tf'
53682 INFO: Analyzing hidden import 'onnxruntime.transformers.onnx_model_clip'
53684 INFO: Analyzing hidden import 'onnxruntime.transformers.onnx_model_conformer'
53686 INFO: Analyzing hidden import 'onnxruntime.transformers.onnx_model_gpt2'
53690 INFO: Analyzing hidden import 'onnxruntime.transformers.onnx_model_mmdit'
53696 INFO: Analyzing hidden import 'onnxruntime.transformers.onnx_model_phi'
53712 INFO: Analyzing hidden import 'onnxruntime.transformers.onnx_model_sam2'
53728 INFO: Analyzing hidden import 'onnxruntime.transformers.onnx_model_t5'
53744 INFO: Analyzing hidden import 'onnxruntime.transformers.onnx_model_tnlr'
53744 INFO: Analyzing hidden import 'onnxruntime.transformers.onnx_model_unet'
53759 INFO: Analyzing hidden import 'onnxruntime.transformers.onnx_model_vae'
53759 INFO: Analyzing hidden import 'onnxruntime.transformers.onnx_utils'
53759 INFO: Analyzing hidden import 'onnxruntime.transformers.optimizer'
53807 INFO: Analyzing hidden import 'onnxruntime.transformers.past_helper'
53823 INFO: Analyzing hidden import 'onnxruntime.transformers.profile_result_processor'
53823 INFO: Analyzing hidden import 'onnxruntime.transformers.profiler'
53838 INFO: Analyzing hidden import 'onnxruntime.transformers.quantize_helper'
54312 INFO: Analyzing hidden import 'onnxruntime.transformers.shape_infer_helper'
54330 INFO: Analyzing hidden import 'onnxruntime.transformers.shape_optimizer'
54330 INFO: Analyzing hidden import 'onnxruntime.transformers.torch_onnx_export_helper'
54344 INFO: Analyzing hidden import 'pymupdf.__main__'
54376 INFO: Processing module hooks (post-graph stage)...
54651 INFO: Processing standard module hook 'hook-PIL.SpiderImagePlugin.py' from 'C:\\a\\ML-DL-application\\ML-DL-application\\.venv\\Lib\\site-packages\\PyInstaller\\hooks'
54709 WARNING: Hidden import "scipy.special._cdflib" not found!
54792 INFO: Processing standard module hook 'hook-_tkinter.py' from 'C:\\a\\ML-DL-application\\ML-DL-application\\.venv\\Lib\\site-packages\\PyInstaller\\hooks'
54820 INFO: Performing binary vs. data reclassification (1416 entries)
57160 INFO: Looking for ctypes DLLs
57325 INFO: Analyzing run-time hooks ...
57341 INFO: Including run-time hook 'pyi_rth_inspect.py' from 'C:\\a\\ML-DL-application\\ML-DL-application\\.venv\\Lib\\site-packages\\PyInstaller\\hooks\\rthooks'
57341 INFO: Including run-time hook 'pyi_rth_multiprocessing.py' from 'C:\\a\\ML-DL-application\\ML-DL-application\\.venv\\Lib\\site-packages\\PyInstaller\\hooks\\rthooks'
57341 INFO: Including run-time hook 'pyi_rth_pkgutil.py' from 'C:\\a\\ML-DL-application\\ML-DL-application\\.venv\\Lib\\site-packages\\PyInstaller\\hooks\\rthooks'
57341 INFO: Including run-time hook 'pyi_rth_setuptools.py' from 'C:\\a\\ML-DL-application\\ML-DL-application\\.venv\\Lib\\site-packages\\PyInstaller\\hooks\\rthooks'
57341 INFO: Including run-time hook 'pyi_rth__tkinter.py' from 'C:\\a\\ML-DL-application\\ML-DL-application\\.venv\\Lib\\site-packages\\PyInstaller\\hooks\\rthooks'
57420 INFO: Creating base_library.zip...
57452 INFO: Looking for dynamic libraries
59668 INFO: Extra DLL search directories (AddDllDirectory): ['C:\\a\\ML-DL-application\\ML-DL-application\\.venv\\Lib\\site-packages\\numpy.libs', 'C:\\a\\ML-DL-application\\ML-DL-application\\.venv\\Lib\\site-packages\\scipy.libs']
59668 INFO: Extra DLL search directories (PATH): []
62998 WARNING: Library not found: could not resolve 'libcdsprpc.dll', dependency of 'C:\\a\\ML-DL-application\\ML-DL-application\\.venv\\Lib\\site-packages\\onnxruntime_qnn\\QnnHtpV68Stub.dll'.
62998 WARNING: Library not found: could not resolve 'libcdsprpc.dll', dependency of 'C:\\a\\ML-DL-application\\ML-DL-application\\.venv\\Lib\\site-packages\\onnxruntime_qnn\\QnnHtpV73Stub.dll'.
62998 WARNING: Library not found: could not resolve 'libcdsprpc.dll', dependency of 'C:\\a\\ML-DL-application\\ML-DL-application\\.venv\\Lib\\site-packages\\onnxruntime_qnn\\QnnHtpV81Stub.dll'.
63062 INFO: Warnings written to C:\a\ML-DL-application\ML-DL-application\build\VNOCR\warn-VNOCR.txt
63331 INFO: Graph cross-reference written to C:\a\ML-DL-application\ML-DL-application\build\VNOCR\xref-VNOCR.html
63443 INFO: checking PYZ
63443 INFO: Building PYZ because PYZ-00.toc is non existent
63443 INFO: Building PYZ (ZlibArchive) C:\a\ML-DL-application\ML-DL-application\build\VNOCR\PYZ-00.pyz
65781 INFO: Building PYZ (ZlibArchive) C:\a\ML-DL-application\ML-DL-application\build\VNOCR\PYZ-00.pyz completed successfully.
65837 INFO: checking PKG
65837 INFO: Building PKG because PKG-00.toc is non existent
65837 INFO: Building PKG (CArchive) VNOCR.pkg
65864 INFO: Building PKG (CArchive) VNOCR.pkg completed successfully.
65866 INFO: Bootloader C:\a\ML-DL-application\ML-DL-application\.venv\Lib\site-packages\PyInstaller\bootloader\Windows-64bit-arm\runw.exe
65866 INFO: checking EXE
65866 INFO: Building EXE because EXE-00.toc is non existent
65866 INFO: Building EXE from EXE-00.toc
65866 INFO: Copying bootloader EXE to C:\a\ML-DL-application\ML-DL-application\build\VNOCR\VNOCR.exe
65870 INFO: Copying icon to EXE
65874 INFO: Copying 0 resources to EXE
65874 INFO: Embedding manifest in EXE
65876 INFO: Appending PKG archive to EXE
65896 INFO: Fixing EXE headers
66232 INFO: Building EXE from EXE-00.toc completed successfully.
66255 INFO: checking COLLECT
66255 INFO: Building COLLECT because COLLECT-00.toc is non existent
66255 INFO: Building COLLECT COLLECT-00.toc
71628 INFO: Building COLLECT COLLECT-00.toc completed successfully.
71661 INFO: Build complete! The results are available in: C:\a\ML-DL-application\ML-DL-application\dist
placement: {'craft_768': 'CPU', 'vietocr_cnn': 'CPU', 'vietocr_encoder_b8': 'CPU', 'vietocr_cross_kv_b8': 'CPU', 'vietocr_decoder_kv_b8': 'CPU'}
characters: 1003  CER vs reference: 0.000%  (limit 2.0%)
page 1: 34 lines, seconds {'detect': 17.59989239999993, 'layout': 4.838889899999913, 'recognize': 6.2444609000000355, 'total': 28.68324319999988, 'decoder_steps': 162}
Inno Setup 6 Command-Line Compiler
Copyright (C) 1997-2026 Jordan Russell. All rights reserved.
Portions Copyright (C) 2000-2026 Martijn Laan. All rights reserved.
Portions Copyright (C) 2001-2004 Alex Yackimoff. All rights reserved.
https://www.innosetup.com

Compiler engine version: Inno Setup 6.7.1
Non-commercial use only

Preprocessing
   Reading file: C:\Program Files (x86)\Inno Setup 6\ISPPBuiltins.iss
Parsing [Setup] section, line 7
Parsing [Setup] section, line 8
Parsing [Setup] section, line 9
Parsing [Setup] section, line 10
Parsing [Setup] section, line 11
Parsing [Setup] section, line 12
Parsing [Setup] section, line 14
Parsing [Setup] section, line 15
Parsing [Setup] section, line 17
Parsing [Setup] section, line 18
Parsing [Setup] section, line 19
Parsing [Setup] section, line 20
Parsing [Setup] section, line 21
Parsing [Setup] section, line 22
Parsing [Setup] section, line 23
Parsing [Setup] section, line 24
Parsing [Setup] section, line 25
Reading file (WizardImageFile)
Reading file (WizardSmallImageFile)
Preparing Setup program executable
   Verification successful
   Updating icons (Setup.e32)
   Updating version info (Setup.e32)
Determining language code pages
   Reading file: C:\Program Files (x86)\Inno Setup 6\Default.isl
   Messages in script file
Reading default messages from Default.isl
Parsing [LangOptions], [Messages], and [CustomMessages] sections
   Reading file: C:\Program Files (x86)\Inno Setup 6\Default.isl
   Messages in script file
Reading [Code] section
Parsing [Tasks] section, line 28
Parsing [Icons] section, line 34
Parsing [Icons] section, line 35
Parsing [Icons] section, line 36
Parsing [Icons] section, line 37
Parsing [UninstallDelete] section, line 44
Parsing [Run] section, line 40
Parsing [Files] section, line 31
Creating setup files
   Verification successful
   Updating icons (Setup.exe)
   Compressing: C:\a\ML-DL-application\ML-DL-application\installer\..\dist\VNOCR\VNOCR.exe
   Compressing: C:\a\ML-DL-application\ML-DL-application\installer\..\dist\VNOCR\_internal\api-ms-win-core-console-l1-1-0.dll
   Compressing: C:\a\ML-DL-application\ML-DL-application\installer\..\dist\VNOCR\_internal\api-ms-win-core-datetime-l1-1-0.dll
   Compressing: C:\a\ML-DL-application\ML-DL-application\installer\..\dist\VNOCR\_internal\api-ms-win-core-debug-l1-1-0.dll
   Compressing: C:\a\ML-DL-application\ML-DL-application\installer\..\dist\VNOCR\_internal\api-ms-win-core-errorhandling-l1-1-0.dll
   Compressing: C:\a\ML-DL-application\ML-DL-application\installer\..\dist\VNOCR\_internal\api-ms-win-core-fibers-l1-1-0.dll
   Compressing: C:\a\ML-DL-application\ML-DL-application\installer\..\dist\VNOCR\_internal\api-ms-win-core-fibers-l1-1-1.dll
   Compressing: C:\a\ML-DL-application\ML-DL-application\installer\..\dist\VNOCR\_internal\api-ms-win-core-file-l1-1-0.dll
   Compressing: C:\a\ML-DL-application\ML-DL-application\installer\..\dist\VNOCR\_internal\api-ms-win-core-file-l1-2-0.dll
   Compressing: C:\a\ML-DL-application\ML-DL-application\installer\..\dist\VNOCR\_internal\api-ms-win-core-handle-l1-1-0.dll
   Compressing: C:\a\ML-DL-application\ML-DL-application\installer\..\dist\VNOCR\_internal\api-ms-win-core-heap-l1-1-0.dll
   Compressing: C:\a\ML-DL-application\ML-DL-application\installer\..\dist\VNOCR\_internal\api-ms-win-core-interlocked-l1-1-0.dll
   Compressing: C:\a\ML-DL-application\ML-DL-application\installer\..\dist\VNOCR\_internal\api-ms-win-core-libraryloader-l1-1-0.dll
   Compressing: C:\a\ML-DL-application\ML-DL-application\installer\..\dist\VNOCR\_internal\api-ms-win-core-localization-l1-2-0.dll
   Compressing: C:\a\ML-DL-application\ML-DL-application\installer\..\dist\VNOCR\_internal\api-ms-win-core-memory-l1-1-0.dll
   Compressing: C:\a\ML-DL-application\ML-DL-application\installer\..\dist\VNOCR\_internal\api-ms-win-core-namedpipe-l1-1-0.dll
   Compressing: C:\a\ML-DL-application\ML-DL-application\installer\..\dist\VNOCR\_internal\api-ms-win-core-processenvironment-l1-1-0.dll
   Compressing: C:\a\ML-DL-application\ML-DL-application\installer\..\dist\VNOCR\_internal\api-ms-win-core-processthreads-l1-1-0.dll
   Compressing: C:\a\ML-DL-application\ML-DL-application\installer\..\dist\VNOCR\_internal\api-ms-win-core-processthreads-l1-1-1.dll
   Compressing: C:\a\ML-DL-application\ML-DL-application\installer\..\dist\VNOCR\_internal\api-ms-win-core-profile-l1-1-0.dll
   Compressing: C:\a\ML-DL-application\ML-DL-application\installer\..\dist\VNOCR\_internal\api-ms-win-core-rtlsupport-l1-1-0.dll
   Compressing: C:\a\ML-DL-application\ML-DL-application\installer\..\dist\VNOCR\_internal\api-ms-win-core-string-l1-1-0.dll
   Compressing: C:\a\ML-DL-application\ML-DL-application\installer\..\dist\VNOCR\_internal\api-ms-win-core-synch-l1-1-0.dll
   Compressing: C:\a\ML-DL-application\ML-DL-application\installer\..\dist\VNOCR\_internal\api-ms-win-core-synch-l1-2-0.dll
   Compressing: C:\a\ML-DL-application\ML-DL-application\installer\..\dist\VNOCR\_internal\api-ms-win-core-sysinfo-l1-1-0.dll
   Compressing: C:\a\ML-DL-application\ML-DL-application\installer\..\dist\VNOCR\_internal\api-ms-win-core-sysinfo-l1-2-0.dll
   Compressing: C:\a\ML-DL-application\ML-DL-application\installer\..\dist\VNOCR\_internal\api-ms-win-core-timezone-l1-1-0.dll
   Compressing: C:\a\ML-DL-application\ML-DL-application\installer\..\dist\VNOCR\_internal\api-ms-win-core-util-l1-1-0.dll
   Compressing: C:\a\ML-DL-application\ML-DL-application\installer\..\dist\VNOCR\_internal\api-ms-win-crt-conio-l1-1-0.dll
   Compressing: C:\a\ML-DL-application\ML-DL-application\installer\..\dist\VNOCR\_internal\api-ms-win-crt-convert-l1-1-0.dll
   Compressing: C:\a\ML-DL-application\ML-DL-application\installer\..\dist\VNOCR\_internal\api-ms-win-crt-environment-l1-1-0.dll
   Compressing: C:\a\ML-DL-application\ML-DL-application\installer\..\dist\VNOCR\_internal\api-ms-win-crt-filesystem-l1-1-0.dll
   Compressing: C:\a\ML-DL-application\ML-DL-application\installer\..\dist\VNOCR\_internal\api-ms-win-crt-heap-l1-1-0.dll
   Compressing: C:\a\ML-DL-application\ML-DL-application\installer\..\dist\VNOCR\_internal\api-ms-win-crt-locale-l1-1-0.dll
   Compressing: C:\a\ML-DL-application\ML-DL-application\installer\..\dist\VNOCR\_internal\api-ms-win-crt-math-l1-1-0.dll
   Compressing: C:\a\ML-DL-application\ML-DL-application\installer\..\dist\VNOCR\_internal\api-ms-win-crt-private-l1-1-0.dll
   Compressing: C:\a\ML-DL-application\ML-DL-application\installer\..\dist\VNOCR\_internal\api-ms-win-crt-process-l1-1-0.dll
   Compressing: C:\a\ML-DL-application\ML-DL-application\installer\..\dist\VNOCR\_internal\api-ms-win-crt-runtime-l1-1-0.dll
   Compressing: C:\a\ML-DL-application\ML-DL-application\installer\..\dist\VNOCR\_internal\api-ms-win-crt-stdio-l1-1-0.dll
   Compressing: C:\a\ML-DL-application\ML-DL-application\installer\..\dist\VNOCR\_internal\api-ms-win-crt-string-l1-1-0.dll
   Compressing: C:\a\ML-DL-application\ML-DL-application\installer\..\dist\VNOCR\_internal\api-ms-win-crt-time-l1-1-0.dll
   Compressing: C:\a\ML-DL-application\ML-DL-application\installer\..\dist\VNOCR\_internal\api-ms-win-crt-utility-l1-1-0.dll
   Compressing: C:\a\ML-DL-application\ML-DL-application\installer\..\dist\VNOCR\_internal\api-ms-win-eventing-provider-l1-1-0.dll
   Compressing: C:\a\ML-DL-application\ML-DL-application\installer\..\dist\VNOCR\_internal\base_library.zip
   Compressing: C:\a\ML-DL-application\ML-DL-application\installer\..\dist\VNOCR\_internal\libcrypto-3-arm64.dll
   Compressing: C:\a\ML-DL-application\ML-DL-application\installer\..\dist\VNOCR\_internal\libffi-8.dll
   Compressing: C:\a\ML-DL-application\ML-DL-application\installer\..\dist\VNOCR\_internal\libssl-3-arm64.dll
   Compressing: C:\a\ML-DL-application\ML-DL-application\installer\..\dist\VNOCR\_internal\msvcp140.dll
   Compressing: C:\a\ML-DL-application\ML-DL-application\installer\..\dist\VNOCR\_internal\MSVCP140_1.dll
   Compressing: C:\a\ML-DL-application\ML-DL-application\installer\..\dist\VNOCR\_internal\pyexpat.pyd
   Compressing: C:\a\ML-DL-application\ML-DL-application\installer\..\dist\VNOCR\_internal\python3.dll
   Compressing: C:\a\ML-DL-application\ML-DL-application\installer\..\dist\VNOCR\_internal\python312.dll
   Compressing: C:\a\ML-DL-application\ML-DL-application\installer\..\dist\VNOCR\_internal\select.pyd
   Compressing: C:\a\ML-DL-application\ML-DL-application\installer\..\dist\VNOCR\_internal\tcl86t.dll
   Compressing: C:\a\ML-DL-application\ML-DL-application\installer\..\dist\VNOCR\_internal\tk86t.dll
   Compressing: C:\a\ML-DL-application\ML-DL-application\installer\..\dist\VNOCR\_internal\ucrtbase.dll
   Compressing: C:\a\ML-DL-application\ML-DL-application\installer\..\dist\VNOCR\_internal\unicodedata.pyd
   Compressing: C:\a\ML-DL-application\ML-DL-application\installer\..\dist\VNOCR\_internal\vcruntime140.dll
   Compressing: C:\a\ML-DL-application\ML-DL-application\installer\..\dist\VNOCR\_internal\vcruntime140_1.dll
   Compressing: C:\a\ML-DL-application\ML-DL-application\installer\..\dist\VNOCR\_internal\zlib1.dll
   Compressing: C:\a\ML-DL-application\ML-DL-application\installer\..\dist\VNOCR\_internal\_asyncio.pyd
   Compressing: C:\a\ML-DL-application\ML-DL-application\installer\..\dist\VNOCR\_internal\_bz2.pyd
   Compressing: C:\a\ML-DL-application\ML-DL-application\installer\..\dist\VNOCR\_internal\_ctypes.pyd
   Compressing: C:\a\ML-DL-application\ML-DL-application\installer\..\dist\VNOCR\_internal\_decimal.pyd
   Compressing: C:\a\ML-DL-application\ML-DL-application\installer\..\dist\VNOCR\_internal\_elementtree.pyd
   Compressing: C:\a\ML-DL-application\ML-DL-application\installer\..\dist\VNOCR\_internal\_hashlib.pyd
   Compressing: C:\a\ML-DL-application\ML-DL-application\installer\..\dist\VNOCR\_internal\_lzma.pyd
   Compressing: C:\a\ML-DL-application\ML-DL-application\installer\..\dist\VNOCR\_internal\_multiprocessing.pyd
   Compressing: C:\a\ML-DL-application\ML-DL-application\installer\..\dist\VNOCR\_internal\_overlapped.pyd
   Compressing: C:\a\ML-DL-application\ML-DL-application\installer\..\dist\VNOCR\_internal\_queue.pyd
   Compressing: C:\a\ML-DL-application\ML-DL-application\installer\..\dist\VNOCR\_internal\_socket.pyd
   Compressing: C:\a\ML-DL-application\ML-DL-application\installer\..\dist\VNOCR\_internal\_ssl.pyd
   Compressing: C:\a\ML-DL-application\ML-DL-application\installer\..\dist\VNOCR\_internal\_tkinter.pyd
   Compressing: C:\a\ML-DL-application\ML-DL-application\installer\..\dist\VNOCR\_internal\_uuid.pyd
   Compressing: C:\a\ML-DL-application\ML-DL-application\installer\..\dist\VNOCR\_internal\_wmi.pyd
   Compressing: C:\a\ML-DL-application\ML-DL-application\installer\..\dist\VNOCR\_internal\models\craft_768.onnx
   Compressing: C:\a\ML-DL-application\ML-DL-application\installer\..\dist\VNOCR\_internal\models\vietocr_cnn.onnx
   Compressing: C:\a\ML-DL-application\ML-DL-application\installer\..\dist\VNOCR\_internal\models\vietocr_cross_kv_b8.onnx
   Compressing: C:\a\ML-DL-application\ML-DL-application\installer\..\dist\VNOCR\_internal\models\vietocr_decoder_kv_b8.onnx
   Compressing: C:\a\ML-DL-application\ML-DL-application\installer\..\dist\VNOCR\_internal\models\vietocr_encoder_b8.onnx
   Compressing: C:\a\ML-DL-application\ML-DL-application\installer\..\dist\VNOCR\_internal\models\vocab.txt
   Compressing: C:\a\ML-DL-application\ML-DL-application\installer\..\dist\VNOCR\_internal\models\npu\precompile_report.json
   Compressing: C:\a\ML-DL-application\ML-DL-application\installer\..\dist\VNOCR\_internal\models\npu\craft_768\job_jg9o0mwwg_optimized_onnx\model.bin
   Compressing: C:\a\ML-DL-application\ML-DL-application\installer\..\dist\VNOCR\_internal\models\npu\craft_768\job_jg9o0mwwg_optimized_onnx\model.onnx
   Compressing: C:\a\ML-DL-application\ML-DL-application\installer\..\dist\VNOCR\_internal\models\npu\vietocr_cnn\job_jp1o2je85_optimized_onnx\model.bin
   Compressing: C:\a\ML-DL-application\ML-DL-application\installer\..\dist\VNOCR\_internal\models\npu\vietocr_cnn\job_jp1o2je85_optimized_onnx\model.onnx
   Compressing: C:\a\ML-DL-application\ML-DL-application\installer\..\dist\VNOCR\_internal\models\npu\vietocr_encoder_b8\job_jgd6n3orp_optimized_onnx\model.bin
   Compressing: C:\a\ML-DL-application\ML-DL-application\installer\..\dist\VNOCR\_internal\models\npu\vietocr_encoder_b8\job_jgd6n3orp_optimized_onnx\model.onnx
   Compressing: C:\a\ML-DL-application\ML-DL-application\installer\..\dist\VNOCR\_internal\numpy\fft\_pocketfft_umath.cp312-win_arm64.pyd
   Compressing: C:\a\ML-DL-application\ML-DL-application\installer\..\dist\VNOCR\_internal\numpy\linalg\_umath_linalg.cp312-win_arm64.pyd
   Compressing: C:\a\ML-DL-application\ML-DL-application\installer\..\dist\VNOCR\_internal\numpy\random\bit_generator.cp312-win_arm64.pyd
   Compressing: C:\a\ML-DL-application\ML-DL-application\installer\..\dist\VNOCR\_internal\numpy\random\mtrand.cp312-win_arm64.pyd
   Compressing: C:\a\ML-DL-application\ML-DL-application\installer\..\dist\VNOCR\_internal\numpy\random\_bounded_integers.cp312-win_arm64.pyd
   Compressing: C:\a\ML-DL-application\ML-DL-application\installer\..\dist\VNOCR\_internal\numpy\random\_common.cp312-win_arm64.pyd
   Compressing: C:\a\ML-DL-application\ML-DL-application\installer\..\dist\VNOCR\_internal\numpy\random\_generator.cp312-win_arm64.pyd
   Compressing: C:\a\ML-DL-application\ML-DL-application\installer\..\dist\VNOCR\_internal\numpy\random\_mt19937.cp312-win_arm64.pyd
   Compressing: C:\a\ML-DL-application\ML-DL-application\installer\..\dist\VNOCR\_internal\numpy\random\_pcg64.cp312-win_arm64.pyd
   Compressing: C:\a\ML-DL-application\ML-DL-application\installer\..\dist\VNOCR\_internal\numpy\random\_philox.cp312-win_arm64.pyd
   Compressing: C:\a\ML-DL-application\ML-DL-application\installer\..\dist\VNOCR\_internal\numpy\random\_sfc64.cp312-win_arm64.pyd
   Compressing: C:\a\ML-DL-application\ML-DL-application\installer\..\dist\VNOCR\_internal\numpy\_core\_multiarray_tests.cp312-win_arm64.pyd
   Compressing: C:\a\ML-DL-application\ML-DL-application\installer\..\dist\VNOCR\_internal\numpy\_core\_multiarray_umath.cp312-win_arm64.pyd
   Compressing: C:\a\ML-DL-application\ML-DL-application\installer\..\dist\VNOCR\_internal\numpy-2.5.3.dist-info\DELVEWHEEL
   Compressing: C:\a\ML-DL-application\ML-DL-application\installer\..\dist\VNOCR\_internal\numpy-2.5.3.dist-info\entry_points.txt
   Compressing: C:\a\ML-DL-application\ML-DL-application\installer\..\dist\VNOCR\_internal\numpy-2.5.3.dist-info\INSTALLER
   Compressing: C:\a\ML-DL-application\ML-DL-application\installer\..\dist\VNOCR\_internal\numpy-2.5.3.dist-info\METADATA
   Compressing: C:\a\ML-DL-application\ML-DL-application\installer\..\dist\VNOCR\_internal\numpy-2.5.3.dist-info\RECORD
   Compressing: C:\a\ML-DL-application\ML-DL-application\installer\..\dist\VNOCR\_internal\numpy-2.5.3.dist-info\REQUESTED
   Compressing: C:\a\ML-DL-application\ML-DL-application\installer\..\dist\VNOCR\_internal\numpy-2.5.3.dist-info\WHEEL
   Compressing: C:\a\ML-DL-application\ML-DL-application\installer\..\dist\VNOCR\_internal\numpy-2.5.3.dist-info\licenses\LICENSE.txt
   Compressing: C:\a\ML-DL-application\ML-DL-application\installer\..\dist\VNOCR\_internal\numpy-2.5.3.dist-info\licenses\numpy\fft\pocketfft\LICENSE.md
   Compressing: C:\a\ML-DL-application\ML-DL-application\installer\..\dist\VNOCR\_internal\numpy-2.5.3.dist-info\licenses\numpy\linalg\lapack_lite\LICENSE.txt
   Compressing: C:\a\ML-DL-application\ML-DL-application\installer\..\dist\VNOCR\_internal\numpy-2.5.3.dist-info\licenses\numpy\ma\LICENSE
   Compressing: C:\a\ML-DL-application\ML-DL-application\installer\..\dist\VNOCR\_internal\numpy-2.5.3.dist-info\licenses\numpy\random\LICENSE.md
   Compressing: C:\a\ML-DL-application\ML-DL-application\installer\..\dist\VNOCR\_internal\numpy-2.5.3.dist-info\licenses\numpy\random\src\distributions\LICENSE.md
   Compressing: C:\a\ML-DL-application\ML-DL-application\installer\..\dist\VNOCR\_internal\numpy-2.5.3.dist-info\licenses\numpy\random\src\mt19937\LICENSE.md
   Compressing: C:\a\ML-DL-application\ML-DL-application\installer\..\dist\VNOCR\_internal\numpy-2.5.3.dist-info\licenses\numpy\random\src\pcg64\LICENSE.md
   Compressing: C:\a\ML-DL-application\ML-DL-application\installer\..\dist\VNOCR\_internal\numpy-2.5.3.dist-info\licenses\numpy\random\src\philox\LICENSE.md
   Compressing: C:\a\ML-DL-application\ML-DL-application\installer\..\dist\VNOCR\_internal\numpy-2.5.3.dist-info\licenses\numpy\random\src\sfc64\LICENSE.md
   Compressing: C:\a\ML-DL-application\ML-DL-application\installer\..\dist\VNOCR\_internal\numpy-2.5.3.dist-info\licenses\numpy\random\src\splitmix64\LICENSE.md
   Compressing: C:\a\ML-DL-application\ML-DL-application\installer\..\dist\VNOCR\_internal\numpy-2.5.3.dist-info\licenses\numpy\_core\include\numpy\libdivide\LICENSE.txt
   Compressing: C:\a\ML-DL-application\ML-DL-application\installer\..\dist\VNOCR\_internal\numpy-2.5.3.dist-info\licenses\numpy\_core\src\common\pythoncapi-compat\COPYING
   Compressing: C:\a\ML-DL-application\ML-DL-application\installer\..\dist\VNOCR\_internal\numpy-2.5.3.dist-info\licenses\numpy\_core\src\highway\LICENSE
   Compressing: C:\a\ML-DL-application\ML-DL-application\installer\..\dist\VNOCR\_internal\numpy-2.5.3.dist-info\licenses\numpy\_core\src\multiarray\dragon4_LICENSE.txt
   Compressing: C:\a\ML-DL-application\ML-DL-application\installer\..\dist\VNOCR\_internal\numpy-2.5.3.dist-info\licenses\numpy\_core\src\npysort\x86-simd-sort\LICENSE.md
   Compressing: C:\a\ML-DL-application\ML-DL-application\installer\..\dist\VNOCR\_internal\numpy-2.5.3.dist-info\licenses\numpy\_core\src\umath\svml\LICENSE
   Compressing: C:\a\ML-DL-application\ML-DL-application\installer\..\dist\VNOCR\_internal\numpy.libs\msvcp140-5f1c5dd31916990d94181e07bc3afb32.dll
   Compressing: C:\a\ML-DL-application\ML-DL-application\installer\..\dist\VNOCR\_internal\numpy.libs\scipy_openblas-2f2f02de380415e7f45196be713cff6e.dll
   Compressing: C:\a\ML-DL-application\ML-DL-application\installer\..\dist\VNOCR\_internal\onnxruntime\LICENSE
   Compressing: C:\a\ML-DL-application\ML-DL-application\installer\..\dist\VNOCR\_internal\onnxruntime\Privacy.md
   Compressing: C:\a\ML-DL-application\ML-DL-application\installer\..\dist\VNOCR\_internal\onnxruntime\ThirdPartyNotices.txt
   Compressing: C:\a\ML-DL-application\ML-DL-application\installer\..\dist\VNOCR\_internal\onnxruntime\__init__.py
   Compressing: C:\a\ML-DL-application\ML-DL-application\installer\..\dist\VNOCR\_internal\onnxruntime\backend\backend.py
   Compressing: C:\a\ML-DL-application\ML-DL-application\installer\..\dist\VNOCR\_internal\onnxruntime\backend\backend_rep.py
   Compressing: C:\a\ML-DL-application\ML-DL-application\installer\..\dist\VNOCR\_internal\onnxruntime\backend\__init__.py
   Compressing: C:\a\ML-DL-application\ML-DL-application\installer\..\dist\VNOCR\_internal\onnxruntime\capi\build_and_package_info.py
   Compressing: C:\a\ML-DL-application\ML-DL-application\installer\..\dist\VNOCR\_internal\onnxruntime\capi\convert_npz_to_onnx_adapter.py
   Compressing: C:\a\ML-DL-application\ML-DL-application\installer\..\dist\VNOCR\_internal\onnxruntime\capi\onnxruntime.dll
   Compressing: C:\a\ML-DL-application\ML-DL-application\installer\..\dist\VNOCR\_internal\onnxruntime\capi\onnxruntime_collect_build_info.py
   Compressing: C:\a\ML-DL-application\ML-DL-application\installer\..\dist\VNOCR\_internal\onnxruntime\capi\onnxruntime_inference_collection.py
   Compressing: C:\a\ML-DL-application\ML-DL-application\installer\..\dist\VNOCR\_internal\onnxruntime\capi\onnxruntime_providers_shared.dll
   Compressing: C:\a\ML-DL-application\ML-DL-application\installer\..\dist\VNOCR\_internal\onnxruntime\capi\onnxruntime_pybind11_state.pyd
   Compressing: C:\a\ML-DL-application\ML-DL-application\installer\..\dist\VNOCR\_internal\onnxruntime\capi\onnxruntime_validation.py
   Compressing: C:\a\ML-DL-application\ML-DL-application\installer\..\dist\VNOCR\_internal\onnxruntime\capi\version_info.py
   Compressing: C:\a\ML-DL-application\ML-DL-application\installer\..\dist\VNOCR\_internal\onnxruntime\capi\_ld_preload.py
   Compressing: C:\a\ML-DL-application\ML-DL-application\installer\..\dist\VNOCR\_internal\onnxruntime\capi\_pybind_state.py
   Compressing: C:\a\ML-DL-application\ML-DL-application\installer\..\dist\VNOCR\_internal\onnxruntime\capi\__init__.py
   Compressing: C:\a\ML-DL-application\ML-DL-application\installer\..\dist\VNOCR\_internal\onnxruntime\datasets\logreg_iris.onnx
   Compressing: C:\a\ML-DL-application\ML-DL-application\installer\..\dist\VNOCR\_internal\onnxruntime\datasets\mul_1.onnx
   Compressing: C:\a\ML-DL-application\ML-DL-application\installer\..\dist\VNOCR\_internal\onnxruntime\datasets\sigmoid.onnx
   Compressing: C:\a\ML-DL-application\ML-DL-application\installer\..\dist\VNOCR\_internal\onnxruntime\datasets\__init__.py
   Compressing: C:\a\ML-DL-application\ML-DL-application\installer\..\dist\VNOCR\_internal\onnxruntime\quantization\base_quantizer.py
   Compressing: C:\a\ML-DL-application\ML-DL-application\installer\..\dist\VNOCR\_internal\onnxruntime\quantization\calibrate.py
   Compressing: C:\a\ML-DL-application\ML-DL-application\installer\..\dist\VNOCR\_internal\onnxruntime\quantization\cuda_quantizer.py
   Compressing: C:\a\ML-DL-application\ML-DL-application\installer\..\dist\VNOCR\_internal\onnxruntime\quantization\matmul_bnb4_quantizer.py
   Compressing: C:\a\ML-DL-application\ML-DL-application\installer\..\dist\VNOCR\_internal\onnxruntime\quantization\matmul_nbits_quantizer.py
   Compressing: C:\a\ML-DL-application\ML-DL-application\installer\..\dist\VNOCR\_internal\onnxruntime\quantization\onnx_model.py
   Compressing: C:\a\ML-DL-application\ML-DL-application\installer\..\dist\VNOCR\_internal\onnxruntime\quantization\onnx_quantizer.py
   Compressing: C:\a\ML-DL-application\ML-DL-application\installer\..\dist\VNOCR\_internal\onnxruntime\quantization\preprocess.py
   Compressing: C:\a\ML-DL-application\ML-DL-application\installer\..\dist\VNOCR\_internal\onnxruntime\quantization\qdq_loss_debug.py
   Compressing: C:\a\ML-DL-application\ML-DL-application\installer\..\dist\VNOCR\_internal\onnxruntime\quantization\qdq_quantizer.py
   Compressing: C:\a\ML-DL-application\ML-DL-application\installer\..\dist\VNOCR\_internal\onnxruntime\quantization\quantize.py
   Compressing: C:\a\ML-DL-application\ML-DL-application\installer\..\dist\VNOCR\_internal\onnxruntime\quantization\quant_utils.py
   Compressing: C:\a\ML-DL-application\ML-DL-application\installer\..\dist\VNOCR\_internal\onnxruntime\quantization\registry.py
   Compressing: C:\a\ML-DL-application\ML-DL-application\installer\..\dist\VNOCR\_internal\onnxruntime\quantization\shape_inference.py
   Compressing: C:\a\ML-DL-application\ML-DL-application\installer\..\dist\VNOCR\_internal\onnxruntime\quantization\static_quantize_runner.py
   Compressing: C:\a\ML-DL-application\ML-DL-application\installer\..\dist\VNOCR\_internal\onnxruntime\quantization\tensor_quant_overrides.py
   Compressing: C:\a\ML-DL-application\ML-DL-application\installer\..\dist\VNOCR\_internal\onnxruntime\quantization\__init__.py
   Compressing: C:\a\ML-DL-application\ML-DL-application\installer\..\dist\VNOCR\_internal\onnxruntime\quantization\CalTableFlatBuffers\KeyValue.py
   Compressing: C:\a\ML-DL-application\ML-DL-application\installer\..\dist\VNOCR\_internal\onnxruntime\quantization\CalTableFlatBuffers\TrtTable.py
   Compressing: C:\a\ML-DL-application\ML-DL-application\installer\..\dist\VNOCR\_internal\onnxruntime\quantization\CalTableFlatBuffers\__init__.py
   Compressing: C:\a\ML-DL-application\ML-DL-application\installer\..\dist\VNOCR\_internal\onnxruntime\quantization\execution_providers\qnn\fusion_lpnorm.py
   Compressing: C:\a\ML-DL-application\ML-DL-application\installer\..\dist\VNOCR\_internal\onnxruntime\quantization\execution_providers\qnn\fusion_spacetodepth.py
   Compressing: C:\a\ML-DL-application\ML-DL-application\installer\..\dist\VNOCR\_internal\onnxruntime\quantization\execution_providers\qnn\mixed_precision_overrides_utils.py
   Compressing: C:\a\ML-DL-application\ML-DL-application\installer\..\dist\VNOCR\_internal\onnxruntime\quantization\execution_providers\qnn\preprocess.py
   Compressing: C:\a\ML-DL-application\ML-DL-application\installer\..\dist\VNOCR\_internal\onnxruntime\quantization\execution_providers\qnn\quant_config.py
   Compressing: C:\a\ML-DL-application\ML-DL-application\installer\..\dist\VNOCR\_internal\onnxruntime\quantization\execution_providers\qnn\__init__.py
   Compressing: C:\a\ML-DL-application\ML-DL-application\installer\..\dist\VNOCR\_internal\onnxruntime\quantization\fusions\fusion.py
   Compressing: C:\a\ML-DL-application\ML-DL-application\installer\..\dist\VNOCR\_internal\onnxruntime\quantization\fusions\fusion_gelu.py
   Compressing: C:\a\ML-DL-application\ML-DL-application\installer\..\dist\VNOCR\_internal\onnxruntime\quantization\fusions\fusion_layernorm.py
   Compressing: C:\a\ML-DL-application\ML-DL-application\installer\..\dist\VNOCR\_internal\onnxruntime\quantization\fusions\replace_upsample_with_resize.py
   Compressing: C:\a\ML-DL-application\ML-DL-application\installer\..\dist\VNOCR\_internal\onnxruntime\quantization\fusions\__init__.py
   Compressing: C:\a\ML-DL-application\ML-DL-application\installer\..\dist\VNOCR\_internal\onnxruntime\quantization\neural_compressor\onnx_model.py
   Compressing: C:\a\ML-DL-application\ML-DL-application\installer\..\dist\VNOCR\_internal\onnxruntime\quantization\neural_compressor\util.py
   Compressing: C:\a\ML-DL-application\ML-DL-application\installer\..\dist\VNOCR\_internal\onnxruntime\quantization\neural_compressor\weight_only.py
   Compressing: C:\a\ML-DL-application\ML-DL-application\installer\..\dist\VNOCR\_internal\onnxruntime\quantization\neural_compressor\__init__.py
   Compressing: C:\a\ML-DL-application\ML-DL-application\installer\..\dist\VNOCR\_internal\onnxruntime\quantization\operators\activation.py
   Compressing: C:\a\ML-DL-application\ML-DL-application\installer\..\dist\VNOCR\_internal\onnxruntime\quantization\operators\argmax.py
   Compressing: C:\a\ML-DL-application\ML-DL-application\installer\..\dist\VNOCR\_internal\onnxruntime\quantization\operators\attention.py
   Compressing: C:\a\ML-DL-application\ML-DL-application\installer\..\dist\VNOCR\_internal\onnxruntime\quantization\operators\base_operator.py
   Compressing: C:\a\ML-DL-application\ML-DL-application\installer\..\dist\VNOCR\_internal\onnxruntime\quantization\operators\binary_op.py
   Compressing: C:\a\ML-DL-application\ML-DL-application\installer\..\dist\VNOCR\_internal\onnxruntime\quantization\operators\concat.py
   Compressing: C:\a\ML-DL-application\ML-DL-application\installer\..\dist\VNOCR\_internal\onnxruntime\quantization\operators\conv.py
   Compressing: C:\a\ML-DL-application\ML-DL-application\installer\..\dist\VNOCR\_internal\onnxruntime\quantization\operators\direct_q8.py
   Compressing: C:\a\ML-DL-application\ML-DL-application\installer\..\dist\VNOCR\_internal\onnxruntime\quantization\operators\embed_layernorm.py
   Compressing: C:\a\ML-DL-application\ML-DL-application\installer\..\dist\VNOCR\_internal\onnxruntime\quantization\operators\gather.py
   Compressing: C:\a\ML-DL-application\ML-DL-application\installer\..\dist\VNOCR\_internal\onnxruntime\quantization\operators\gavgpool.py
   Compressing: C:\a\ML-DL-application\ML-DL-application\installer\..\dist\VNOCR\_internal\onnxruntime\quantization\operators\gemm.py
   Compressing: C:\a\ML-DL-application\ML-DL-application\installer\..\dist\VNOCR\_internal\onnxruntime\quantization\operators\lstm.py
   Compressing: C:\a\ML-DL-application\ML-DL-application\installer\..\dist\VNOCR\_internal\onnxruntime\quantization\operators\matmul.py
   Compressing: C:\a\ML-DL-application\ML-DL-application\installer\..\dist\VNOCR\_internal\onnxruntime\quantization\operators\maxpool.py
   Compressing: C:\a\ML-DL-application\ML-DL-application\installer\..\dist\VNOCR\_internal\onnxruntime\quantization\operators\norm.py
   Compressing: C:\a\ML-DL-application\ML-DL-application\installer\..\dist\VNOCR\_internal\onnxruntime\quantization\operators\pad.py
   Compressing: C:\a\ML-DL-application\ML-DL-application\installer\..\dist\VNOCR\_internal\onnxruntime\quantization\operators\pooling.py
   Compressing: C:\a\ML-DL-application\ML-DL-application\installer\..\dist\VNOCR\_internal\onnxruntime\quantization\operators\qdq_base_operator.py
   Compressing: C:\a\ML-DL-application\ML-DL-application\installer\..\dist\VNOCR\_internal\onnxruntime\quantization\operators\resize.py
   Compressing: C:\a\ML-DL-application\ML-DL-application\installer\..\dist\VNOCR\_internal\onnxruntime\quantization\operators\softmax.py
   Compressing: C:\a\ML-DL-application\ML-DL-application\installer\..\dist\VNOCR\_internal\onnxruntime\quantization\operators\split.py
   Compressing: C:\a\ML-DL-application\ML-DL-application\installer\..\dist\VNOCR\_internal\onnxruntime\quantization\operators\where.py
   Compressing: C:\a\ML-DL-application\ML-DL-application\installer\..\dist\VNOCR\_internal\onnxruntime\quantization\operators\__init__.py
   Compressing: C:\a\ML-DL-application\ML-DL-application\installer\..\dist\VNOCR\_internal\onnxruntime\tools\check_onnx_model_mobile_usability.py
   Compressing: C:\a\ML-DL-application\ML-DL-application\installer\..\dist\VNOCR\_internal\onnxruntime\tools\convert_onnx_models_to_ort.py
   Compressing: C:\a\ML-DL-application\ML-DL-application\installer\..\dist\VNOCR\_internal\onnxruntime\tools\file_utils.py
   Compressing: C:\a\ML-DL-application\ML-DL-application\installer\..\dist\VNOCR\_internal\onnxruntime\tools\logger.py
   Compressing: C:\a\ML-DL-application\ML-DL-application\installer\..\dist\VNOCR\_internal\onnxruntime\tools\make_dynamic_shape_fixed.py
   Compressing: C:\a\ML-DL-application\ML-DL-application\installer\..\dist\VNOCR\_internal\onnxruntime\tools\offline_tuning.py
   Compressing: C:\a\ML-DL-application\ML-DL-application\installer\..\dist\VNOCR\_internal\onnxruntime\tools\onnxruntime_test.py
   Compressing: C:\a\ML-DL-application\ML-DL-application\installer\..\dist\VNOCR\_internal\onnxruntime\tools\onnx_model_utils.py
   Compressing: C:\a\ML-DL-application\ML-DL-application\installer\..\dist\VNOCR\_internal\onnxruntime\tools\onnx_randomizer.py
   Compressing: C:\a\ML-DL-application\ML-DL-application\installer\..\dist\VNOCR\_internal\onnxruntime\tools\optimize_onnx_model.py
   Compressing: C:\a\ML-DL-application\ML-DL-application\installer\..\dist\VNOCR\_internal\onnxruntime\tools\pytorch_export_contrib_ops.py
   Compressing: C:\a\ML-DL-application\ML-DL-application\installer\..\dist\VNOCR\_internal\onnxruntime\tools\pytorch_export_helpers.py
   Compressing: C:\a\ML-DL-application\ML-DL-application\installer\..\dist\VNOCR\_internal\onnxruntime\tools\reduced_build_config_parser.py
   Compressing: C:\a\ML-DL-application\ML-DL-application\installer\..\dist\VNOCR\_internal\onnxruntime\tools\remove_initializer_from_input.py
   Compressing: C:\a\ML-DL-application\ML-DL-application\installer\..\dist\VNOCR\_internal\onnxruntime\tools\symbolic_shape_infer.py
   Compressing: C:\a\ML-DL-application\ML-DL-application\installer\..\dist\VNOCR\_internal\onnxruntime\tools\update_onnx_opset.py
   Compressing: C:\a\ML-DL-application\ML-DL-application\installer\..\dist\VNOCR\_internal\onnxruntime\tools\__init__.py
   Compressing: C:\a\ML-DL-application\ML-DL-application\installer\..\dist\VNOCR\_internal\onnxruntime\tools\mobile_helpers\coreml_supported_mlprogram_ops.md
   Compressing: C:\a\ML-DL-application\ML-DL-application\installer\..\dist\VNOCR\_internal\onnxruntime\tools\mobile_helpers\coreml_supported_neuralnetwork_ops.md
   Compressing: C:\a\ML-DL-application\ML-DL-application\installer\..\dist\VNOCR\_internal\onnxruntime\tools\mobile_helpers\nnapi_supported_ops.md
   Compressing: C:\a\ML-DL-application\ML-DL-application\installer\..\dist\VNOCR\_internal\onnxruntime\tools\mobile_helpers\usability_checker.py
   Compressing: C:\a\ML-DL-application\ML-DL-application\installer\..\dist\VNOCR\_internal\onnxruntime\tools\mobile_helpers\__init__.py
   Compressing: C:\a\ML-DL-application\ML-DL-application\installer\..\dist\VNOCR\_internal\onnxruntime\tools\ort_format_model\operator_type_usage_processors.py
   Compressing: C:\a\ML-DL-application\ML-DL-application\installer\..\dist\VNOCR\_internal\onnxruntime\tools\ort_format_model\ort_model_processor.py
   Compressing: C:\a\ML-DL-application\ML-DL-application\installer\..\dist\VNOCR\_internal\onnxruntime\tools\ort_format_model\types.py
   Compressing: C:\a\ML-DL-application\ML-DL-application\installer\..\dist\VNOCR\_internal\onnxruntime\tools\ort_format_model\utils.py
   Compressing: C:\a\ML-DL-application\ML-DL-application\installer\..\dist\VNOCR\_internal\onnxruntime\tools\ort_format_model\__init__.py
   Compressing: C:\a\ML-DL-application\ML-DL-application\installer\..\dist\VNOCR\_internal\onnxruntime\tools\ort_format_model\ort_flatbuffers_py\__init__.py
   Compressing: C:\a\ML-DL-application\ML-DL-application\installer\..\dist\VNOCR\_internal\onnxruntime\tools\ort_format_model\ort_flatbuffers_py\fbs\ArgType.py
   Compressing: C:\a\ML-DL-application\ML-DL-application\installer\..\dist\VNOCR\_internal\onnxruntime\tools\ort_format_model\ort_flatbuffers_py\fbs\ArgTypeAndIndex.py
   Compressing: C:\a\ML-DL-application\ML-DL-application\installer\..\dist\VNOCR\_internal\onnxruntime\tools\ort_format_model\ort_flatbuffers_py\fbs\Attribute.py
   Compressing: C:\a\ML-DL-application\ML-DL-application\installer\..\dist\VNOCR\_internal\onnxruntime\tools\ort_format_model\ort_flatbuffers_py\fbs\AttributeType.py
   Compressing: C:\a\ML-DL-application\ML-DL-application\installer\..\dist\VNOCR\_internal\onnxruntime\tools\ort_format_model\ort_flatbuffers_py\fbs\Checkpoint.py
   Compressing: C:\a\ML-DL-application\ML-DL-application\installer\..\dist\VNOCR\_internal\onnxruntime\tools\ort_format_model\ort_flatbuffers_py\fbs\DeprecatedKernelCreateInfos.py
   Compressing: C:\a\ML-DL-application\ML-DL-application\installer\..\dist\VNOCR\_internal\onnxruntime\tools\ort_format_model\ort_flatbuffers_py\fbs\DeprecatedNodeIndexAndKernelDefHash.py
   Compressing: C:\a\ML-DL-application\ML-DL-application\installer\..\dist\VNOCR\_internal\onnxruntime\tools\ort_format_model\ort_flatbuffers_py\fbs\DeprecatedSessionState.py
   Compressing: C:\a\ML-DL-application\ML-DL-application\installer\..\dist\VNOCR\_internal\onnxruntime\tools\ort_format_model\ort_flatbuffers_py\fbs\DeprecatedSubGraphSessionState.py
   Compressing: C:\a\ML-DL-application\ML-DL-application\installer\..\dist\VNOCR\_internal\onnxruntime\tools\ort_format_model\ort_flatbuffers_py\fbs\Dimension.py
   Compressing: C:\a\ML-DL-application\ML-DL-application\installer\..\dist\VNOCR\_internal\onnxruntime\tools\ort_format_model\ort_flatbuffers_py\fbs\DimensionValue.py
   Compressing: C:\a\ML-DL-application\ML-DL-application\installer\..\dist\VNOCR\_internal\onnxruntime\tools\ort_format_model\ort_flatbuffers_py\fbs\DimensionValueType.py
   Compressing: C:\a\ML-DL-application\ML-DL-application\installer\..\dist\VNOCR\_internal\onnxruntime\tools\ort_format_model\ort_flatbuffers_py\fbs\EdgeEnd.py
   Compressing: C:\a\ML-DL-application\ML-DL-application\installer\..\dist\VNOCR\_internal\onnxruntime\tools\ort_format_model\ort_flatbuffers_py\fbs\FloatProperty.py
   Compressing: C:\a\ML-DL-application\ML-DL-application\installer\..\dist\VNOCR\_internal\onnxruntime\tools\ort_format_model\ort_flatbuffers_py\fbs\Graph.py
   Compressing: C:\a\ML-DL-application\ML-DL-application\installer\..\dist\VNOCR\_internal\onnxruntime\tools\ort_format_model\ort_flatbuffers_py\fbs\InferenceSession.py
   Compressing: C:\a\ML-DL-application\ML-DL-application\installer\..\dist\VNOCR\_internal\onnxruntime\tools\ort_format_model\ort_flatbuffers_py\fbs\IntProperty.py
   Compressing: C:\a\ML-DL-application\ML-DL-application\installer\..\dist\VNOCR\_internal\onnxruntime\tools\ort_format_model\ort_flatbuffers_py\fbs\KernelTypeStrArgsEntry.py
   Compressing: C:\a\ML-DL-application\ML-DL-application\installer\..\dist\VNOCR\_internal\onnxruntime\tools\ort_format_model\ort_flatbuffers_py\fbs\KernelTypeStrResolver.py
   Compressing: C:\a\ML-DL-application\ML-DL-application\installer\..\dist\VNOCR\_internal\onnxruntime\tools\ort_format_model\ort_flatbuffers_py\fbs\MapType.py
   Compressing: C:\a\ML-DL-application\ML-DL-application\installer\..\dist\VNOCR\_internal\onnxruntime\tools\ort_format_model\ort_flatbuffers_py\fbs\Model.py
   Compressing: C:\a\ML-DL-application\ML-DL-application\installer\..\dist\VNOCR\_internal\onnxruntime\tools\ort_format_model\ort_flatbuffers_py\fbs\ModuleState.py
   Compressing: C:\a\ML-DL-application\ML-DL-application\installer\..\dist\VNOCR\_internal\onnxruntime\tools\ort_format_model\ort_flatbuffers_py\fbs\Node.py
   Compressing: C:\a\ML-DL-application\ML-DL-application\installer\..\dist\VNOCR\_internal\onnxruntime\tools\ort_format_model\ort_flatbuffers_py\fbs\NodeEdge.py
   Compressing: C:\a\ML-DL-application\ML-DL-application\installer\..\dist\VNOCR\_internal\onnxruntime\tools\ort_format_model\ort_flatbuffers_py\fbs\NodesToOptimizeIndices.py
   Compressing: C:\a\ML-DL-application\ML-DL-application\installer\..\dist\VNOCR\_internal\onnxruntime\tools\ort_format_model\ort_flatbuffers_py\fbs\NodeType.py
   Compressing: C:\a\ML-DL-application\ML-DL-application\installer\..\dist\VNOCR\_internal\onnxruntime\tools\ort_format_model\ort_flatbuffers_py\fbs\OperatorSetId.py
   Compressing: C:\a\ML-DL-application\ML-DL-application\installer\..\dist\VNOCR\_internal\onnxruntime\tools\ort_format_model\ort_flatbuffers_py\fbs\OpIdKernelTypeStrArgsEntry.py
   Compressing: C:\a\ML-DL-application\ML-DL-application\installer\..\dist\VNOCR\_internal\onnxruntime\tools\ort_format_model\ort_flatbuffers_py\fbs\OptimizerGroup.py
   Compressing: C:\a\ML-DL-application\ML-DL-application\installer\..\dist\VNOCR\_internal\onnxruntime\tools\ort_format_model\ort_flatbuffers_py\fbs\ParameterOptimizerState.py
   Compressing: C:\a\ML-DL-application\ML-DL-application\installer\..\dist\VNOCR\_internal\onnxruntime\tools\ort_format_model\ort_flatbuffers_py\fbs\PropertyBag.py
   Compressing: C:\a\ML-DL-application\ML-DL-application\installer\..\dist\VNOCR\_internal\onnxruntime\tools\ort_format_model\ort_flatbuffers_py\fbs\RuntimeOptimizationRecord.py
   Compressing: C:\a\ML-DL-application\ML-DL-application\installer\..\dist\VNOCR\_internal\onnxruntime\tools\ort_format_model\ort_flatbuffers_py\fbs\RuntimeOptimizationRecordContainerEntry.py
   Compressing: C:\a\ML-DL-application\ML-DL-application\installer\..\dist\VNOCR\_internal\onnxruntime\tools\ort_format_model\ort_flatbuffers_py\fbs\RuntimeOptimizations.py
   Compressing: C:\a\ML-DL-application\ML-DL-application\installer\..\dist\VNOCR\_internal\onnxruntime\tools\ort_format_model\ort_flatbuffers_py\fbs\SequenceType.py
   Compressing: C:\a\ML-DL-application\ML-DL-application\installer\..\dist\VNOCR\_internal\onnxruntime\tools\ort_format_model\ort_flatbuffers_py\fbs\Shape.py
   Compressing: C:\a\ML-DL-application\ML-DL-application\installer\..\dist\VNOCR\_internal\onnxruntime\tools\ort_format_model\ort_flatbuffers_py\fbs\SparseTensor.py
   Compressing: C:\a\ML-DL-application\ML-DL-application\installer\..\dist\VNOCR\_internal\onnxruntime\tools\ort_format_model\ort_flatbuffers_py\fbs\StringProperty.py
   Compressing: C:\a\ML-DL-application\ML-DL-application\installer\..\dist\VNOCR\_internal\onnxruntime\tools\ort_format_model\ort_flatbuffers_py\fbs\StringStringEntry.py
   Compressing: C:\a\ML-DL-application\ML-DL-application\installer\..\dist\VNOCR\_internal\onnxruntime\tools\ort_format_model\ort_flatbuffers_py\fbs\Tensor.py
   Compressing: C:\a\ML-DL-application\ML-DL-application\installer\..\dist\VNOCR\_internal\onnxruntime\tools\ort_format_model\ort_flatbuffers_py\fbs\TensorDataType.py
   Compressing: C:\a\ML-DL-application\ML-DL-application\installer\..\dist\VNOCR\_internal\onnxruntime\tools\ort_format_model\ort_flatbuffers_py\fbs\TensorTypeAndShape.py
   Compressing: C:\a\ML-DL-application\ML-DL-application\installer\..\dist\VNOCR\_internal\onnxruntime\tools\ort_format_model\ort_flatbuffers_py\fbs\TypeInfo.py
   Compressing: C:\a\ML-DL-application\ML-DL-application\installer\..\dist\VNOCR\_internal\onnxruntime\tools\ort_format_model\ort_flatbuffers_py\fbs\TypeInfoValue.py
   Compressing: C:\a\ML-DL-application\ML-DL-application\installer\..\dist\VNOCR\_internal\onnxruntime\tools\ort_format_model\ort_flatbuffers_py\fbs\ValueInfo.py
   Compressing: C:\a\ML-DL-application\ML-DL-application\installer\..\dist\VNOCR\_internal\onnxruntime\tools\ort_format_model\ort_flatbuffers_py\fbs\__init__.py
   Compressing: C:\a\ML-DL-application\ML-DL-application\installer\..\dist\VNOCR\_internal\onnxruntime\tools\qdq_helpers\optimize_qdq_model.py
   Compressing: C:\a\ML-DL-application\ML-DL-application\installer\..\dist\VNOCR\_internal\onnxruntime\tools\qdq_helpers\__init__.py
   Compressing: C:\a\ML-DL-application\ML-DL-application\installer\..\dist\VNOCR\_internal\onnxruntime\tools\qnn\add_trans_cast.py
   Compressing: C:\a\ML-DL-application\ML-DL-application\installer\..\dist\VNOCR\_internal\onnxruntime\tools\qnn\gen_qnn_ctx_onnx_model.py
   Compressing: C:\a\ML-DL-application\ML-DL-application\installer\..\dist\VNOCR\_internal\onnxruntime\tools\qnn\preprocess.py
   Compressing: C:\a\ML-DL-application\ML-DL-application\installer\..\dist\VNOCR\_internal\onnxruntime\transformers\affinity_helper.py
   Compressing: C:\a\ML-DL-application\ML-DL-application\installer\..\dist\VNOCR\_internal\onnxruntime\transformers\benchmark.py
   Compressing: C:\a\ML-DL-application\ML-DL-application\installer\..\dist\VNOCR\_internal\onnxruntime\transformers\benchmark_helper.py
   Compressing: C:\a\ML-DL-application\ML-DL-application\installer\..\dist\VNOCR\_internal\onnxruntime\transformers\bert_perf_test.py
   Compressing: C:\a\ML-DL-application\ML-DL-application\installer\..\dist\VNOCR\_internal\onnxruntime\transformers\bert_test_data.py
   Compressing: C:\a\ML-DL-application\ML-DL-application\installer\..\dist\VNOCR\_internal\onnxruntime\transformers\compare_bert_results.py
   Compressing: C:\a\ML-DL-application\ML-DL-application\installer\..\dist\VNOCR\_internal\onnxruntime\transformers\constants.py
   Compressing: C:\a\ML-DL-application\ML-DL-application\installer\..\dist\VNOCR\_internal\onnxruntime\transformers\convert_generation.py
   Compressing: C:\a\ML-DL-application\ML-DL-application\installer\..\dist\VNOCR\_internal\onnxruntime\transformers\convert_tf_models_to_pytorch.py
   Compressing: C:\a\ML-DL-application\ML-DL-application\installer\..\dist\VNOCR\_internal\onnxruntime\transformers\convert_to_packing_mode.py
   Compressing: C:\a\ML-DL-application\ML-DL-application\installer\..\dist\VNOCR\_internal\onnxruntime\transformers\dynamo_onnx_helper.py
   Compressing: C:\a\ML-DL-application\ML-DL-application\installer\..\dist\VNOCR\_internal\onnxruntime\transformers\float16.py
   Compressing: C:\a\ML-DL-application\ML-DL-application\installer\..\dist\VNOCR\_internal\onnxruntime\transformers\fusion_attention.py
   Compressing: C:\a\ML-DL-application\ML-DL-application\installer\..\dist\VNOCR\_internal\onnxruntime\transformers\fusion_attention_clip.py
   Compressing: C:\a\ML-DL-application\ML-DL-application\installer\..\dist\VNOCR\_internal\onnxruntime\transformers\fusion_attention_sam2.py
   Compressing: C:\a\ML-DL-application\ML-DL-application\installer\..\dist\VNOCR\_internal\onnxruntime\transformers\fusion_attention_unet.py
   Compressing: C:\a\ML-DL-application\ML-DL-application\installer\..\dist\VNOCR\_internal\onnxruntime\transformers\fusion_attention_vae.py
   Compressing: C:\a\ML-DL-application\ML-DL-application\installer\..\dist\VNOCR\_internal\onnxruntime\transformers\fusion_bart_attention.py
   Compressing: C:\a\ML-DL-application\ML-DL-application\installer\..\dist\VNOCR\_internal\onnxruntime\transformers\fusion_base.py
   Compressing: C:\a\ML-DL-application\ML-DL-application\installer\..\dist\VNOCR\_internal\onnxruntime\transformers\fusion_biasgelu.py
   Compressing: C:\a\ML-DL-application\ML-DL-application\installer\..\dist\VNOCR\_internal\onnxruntime\transformers\fusion_biassplitgelu.py
   Compressing: C:\a\ML-DL-application\ML-DL-application\installer\..\dist\VNOCR\_internal\onnxruntime\transformers\fusion_bias_add.py
   Compressing: C:\a\ML-DL-application\ML-DL-application\installer\..\dist\VNOCR\_internal\onnxruntime\transformers\fusion_conformer_attention.py
   Compressing: C:\a\ML-DL-application\ML-DL-application\installer\..\dist\VNOCR\_internal\onnxruntime\transformers\fusion_constant_fold.py
   Compressing: C:\a\ML-DL-application\ML-DL-application\installer\..\dist\VNOCR\_internal\onnxruntime\transformers\fusion_embedlayer.py
   Compressing: C:\a\ML-DL-application\ML-DL-application\installer\..\dist\VNOCR\_internal\onnxruntime\transformers\fusion_fastgelu.py
   Compressing: C:\a\ML-DL-application\ML-DL-application\installer\..\dist\VNOCR\_internal\onnxruntime\transformers\fusion_gelu.py
   Compressing: C:\a\ML-DL-application\ML-DL-application\installer\..\dist\VNOCR\_internal\onnxruntime\transformers\fusion_gelu_approximation.py
   Compressing: C:\a\ML-DL-application\ML-DL-application\installer\..\dist\VNOCR\_internal\onnxruntime\transformers\fusion_gemmfastgelu.py
   Compressing: C:\a\ML-DL-application\ML-DL-application\installer\..\dist\VNOCR\_internal\onnxruntime\transformers\fusion_gpt_attention.py
   Compressing: C:\a\ML-DL-application\ML-DL-application\installer\..\dist\VNOCR\_internal\onnxruntime\transformers\fusion_gpt_attention_megatron.py
   Compressing: C:\a\ML-DL-application\ML-DL-application\installer\..\dist\VNOCR\_internal\onnxruntime\transformers\fusion_gpt_attention_no_past.py
   Compressing: C:\a\ML-DL-application\ML-DL-application\installer\..\dist\VNOCR\_internal\onnxruntime\transformers\fusion_group_norm.py
   Compressing: C:\a\ML-DL-application\ML-DL-application\installer\..\dist\VNOCR\_internal\onnxruntime\transformers\fusion_layernorm.py
   Compressing: C:\a\ML-DL-application\ML-DL-application\installer\..\dist\VNOCR\_internal\onnxruntime\transformers\fusion_mha_dit.py
   Compressing: C:\a\ML-DL-application\ML-DL-application\installer\..\dist\VNOCR\_internal\onnxruntime\transformers\fusion_mha_mmdit.py
   Compressing: C:\a\ML-DL-application\ML-DL-application\installer\..\dist\VNOCR\_internal\onnxruntime\transformers\fusion_nhwc_conv.py
   Compressing: C:\a\ML-DL-application\ML-DL-application\installer\..\dist\VNOCR\_internal\onnxruntime\transformers\fusion_options.py
   Compressing: C:\a\ML-DL-application\ML-DL-application\installer\..\dist\VNOCR\_internal\onnxruntime\transformers\fusion_qordered_attention.py
   Compressing: C:\a\ML-DL-application\ML-DL-application\installer\..\dist\VNOCR\_internal\onnxruntime\transformers\fusion_qordered_gelu.py
   Compressing: C:\a\ML-DL-application\ML-DL-application\installer\..\dist\VNOCR\_internal\onnxruntime\transformers\fusion_qordered_layernorm.py
   Compressing: C:\a\ML-DL-application\ML-DL-application\installer\..\dist\VNOCR\_internal\onnxruntime\transformers\fusion_qordered_matmul.py
   Compressing: C:\a\ML-DL-application\ML-DL-application\installer\..\dist\VNOCR\_internal\onnxruntime\transformers\fusion_quickgelu.py
   Compressing: C:\a\ML-DL-application\ML-DL-application\installer\..\dist\VNOCR\_internal\onnxruntime\transformers\fusion_reshape.py
   Compressing: C:\a\ML-DL-application\ML-DL-application\installer\..\dist\VNOCR\_internal\onnxruntime\transformers\fusion_rotary_attention.py
   Compressing: C:\a\ML-DL-application\ML-DL-application\installer\..\dist\VNOCR\_internal\onnxruntime\transformers\fusion_shape.py
   Compressing: C:\a\ML-DL-application\ML-DL-application\installer\..\dist\VNOCR\_internal\onnxruntime\transformers\fusion_simplified_layernorm.py
   Compressing: C:\a\ML-DL-application\ML-DL-application\installer\..\dist\VNOCR\_internal\onnxruntime\transformers\fusion_skiplayernorm.py
   Compressing: C:\a\ML-DL-application\ML-DL-application\installer\..\dist\VNOCR\_internal\onnxruntime\transformers\fusion_skip_group_norm.py
   Compressing: C:\a\ML-DL-application\ML-DL-application\installer\..\dist\VNOCR\_internal\onnxruntime\transformers\fusion_transpose.py
   Compressing: C:\a\ML-DL-application\ML-DL-application\installer\..\dist\VNOCR\_internal\onnxruntime\transformers\fusion_utils.py
   Compressing: C:\a\ML-DL-application\ML-DL-application\installer\..\dist\VNOCR\_internal\onnxruntime\transformers\huggingface_models.py
   Compressing: C:\a\ML-DL-application\ML-DL-application\installer\..\dist\VNOCR\_internal\onnxruntime\transformers\import_utils.py
   Compressing: C:\a\ML-DL-application\ML-DL-application\installer\..\dist\VNOCR\_internal\onnxruntime\transformers\io_binding_helper.py
   Compressing: C:\a\ML-DL-application\ML-DL-application\installer\..\dist\VNOCR\_internal\onnxruntime\transformers\large_model_exporter.py
   Compressing: C:\a\ML-DL-application\ML-DL-application\installer\..\dist\VNOCR\_internal\onnxruntime\transformers\machine_info.py
   Compressing: C:\a\ML-DL-application\ML-DL-application\installer\..\dist\VNOCR\_internal\onnxruntime\transformers\metrics.py
   Compressing: C:\a\ML-DL-application\ML-DL-application\installer\..\dist\VNOCR\_internal\onnxruntime\transformers\onnx_exporter.py
   Compressing: C:\a\ML-DL-application\ML-DL-application\installer\..\dist\VNOCR\_internal\onnxruntime\transformers\onnx_model.py
   Compressing: C:\a\ML-DL-application\ML-DL-application\installer\..\dist\VNOCR\_internal\onnxruntime\transformers\onnx_model_bart.py
   Compressing: C:\a\ML-DL-application\ML-DL-application\installer\..\dist\VNOCR\_internal\onnxruntime\transformers\onnx_model_bert.py
   Compressing: C:\a\ML-DL-application\ML-DL-application\installer\..\dist\VNOCR\_internal\onnxruntime\transformers\onnx_model_bert_keras.py
   Compressing: C:\a\ML-DL-application\ML-DL-application\installer\..\dist\VNOCR\_internal\onnxruntime\transformers\onnx_model_bert_tf.py
   Compressing: C:\a\ML-DL-application\ML-DL-application\installer\..\dist\VNOCR\_internal\onnxruntime\transformers\onnx_model_clip.py
   Compressing: C:\a\ML-DL-application\ML-DL-application\installer\..\dist\VNOCR\_internal\onnxruntime\transformers\onnx_model_conformer.py
   Compressing: C:\a\ML-DL-application\ML-DL-application\installer\..\dist\VNOCR\_internal\onnxruntime\transformers\onnx_model_gpt2.py
   Compressing: C:\a\ML-DL-application\ML-DL-application\installer\..\dist\VNOCR\_internal\onnxruntime\transformers\onnx_model_mmdit.py
   Compressing: C:\a\ML-DL-application\ML-DL-application\installer\..\dist\VNOCR\_internal\onnxruntime\transformers\onnx_model_phi.py
   Compressing: C:\a\ML-DL-application\ML-DL-application\installer\..\dist\VNOCR\_internal\onnxruntime\transformers\onnx_model_sam2.py
   Compressing: C:\a\ML-DL-application\ML-DL-application\installer\..\dist\VNOCR\_internal\onnxruntime\transformers\onnx_model_t5.py
   Compressing: C:\a\ML-DL-application\ML-DL-application\installer\..\dist\VNOCR\_internal\onnxruntime\transformers\onnx_model_tnlr.py
   Compressing: C:\a\ML-DL-application\ML-DL-application\installer\..\dist\VNOCR\_internal\onnxruntime\transformers\onnx_model_unet.py
   Compressing: C:\a\ML-DL-application\ML-DL-application\installer\..\dist\VNOCR\_internal\onnxruntime\transformers\onnx_model_vae.py
   Compressing: C:\a\ML-DL-application\ML-DL-application\installer\..\dist\VNOCR\_internal\onnxruntime\transformers\onnx_utils.py
   Compressing: C:\a\ML-DL-application\ML-DL-application\installer\..\dist\VNOCR\_internal\onnxruntime\transformers\optimizer.py
   Compressing: C:\a\ML-DL-application\ML-DL-application\installer\..\dist\VNOCR\_internal\onnxruntime\transformers\past_helper.py
   Compressing: C:\a\ML-DL-application\ML-DL-application\installer\..\dist\VNOCR\_internal\onnxruntime\transformers\profiler.py
   Compressing: C:\a\ML-DL-application\ML-DL-application\installer\..\dist\VNOCR\_internal\onnxruntime\transformers\profile_result_processor.py
   Compressing: C:\a\ML-DL-application\ML-DL-application\installer\..\dist\VNOCR\_internal\onnxruntime\transformers\quantize_helper.py
   Compressing: C:\a\ML-DL-application\ML-DL-application\installer\..\dist\VNOCR\_internal\onnxruntime\transformers\shape_infer_helper.py
   Compressing: C:\a\ML-DL-application\ML-DL-application\installer\..\dist\VNOCR\_internal\onnxruntime\transformers\shape_optimizer.py
   Compressing: C:\a\ML-DL-application\ML-DL-application\installer\..\dist\VNOCR\_internal\onnxruntime\transformers\torch_onnx_export_helper.py
   Compressing: C:\a\ML-DL-application\ML-DL-application\installer\..\dist\VNOCR\_internal\onnxruntime\transformers\__init__.py
   Compressing: C:\a\ML-DL-application\ML-DL-application\installer\..\dist\VNOCR\_internal\onnxruntime\transformers\models\bart\export.py
   Compressing: C:\a\ML-DL-application\ML-DL-application\installer\..\dist\VNOCR\_internal\onnxruntime\transformers\models\bart\__init__.py
   Compressing: C:\a\ML-DL-application\ML-DL-application\installer\..\dist\VNOCR\_internal\onnxruntime\transformers\models\bert\eval_squad.py
   Compressing: C:\a\ML-DL-application\ML-DL-application\installer\..\dist\VNOCR\_internal\onnxruntime\transformers\models\bert\__init__.py
   Compressing: C:\a\ML-DL-application\ML-DL-application\installer\..\dist\VNOCR\_internal\onnxruntime\transformers\models\gpt2\benchmark_gpt2.py
   Compressing: C:\a\ML-DL-application\ML-DL-application\installer\..\dist\VNOCR\_internal\onnxruntime\transformers\models\gpt2\convert_to_onnx.py
   Compressing: C:\a\ML-DL-application\ML-DL-application\installer\..\dist\VNOCR\_internal\onnxruntime\transformers\models\gpt2\gpt2_helper.py
   Compressing: C:\a\ML-DL-application\ML-DL-application\installer\..\dist\VNOCR\_internal\onnxruntime\transformers\models\gpt2\gpt2_parity.py
   Compressing: C:\a\ML-DL-application\ML-DL-application\installer\..\dist\VNOCR\_internal\onnxruntime\transformers\models\gpt2\gpt2_tester.py
   Compressing: C:\a\ML-DL-application\ML-DL-application\installer\..\dist\VNOCR\_internal\onnxruntime\transformers\models\gpt2\parity_check_helper.py
   Compressing: C:\a\ML-DL-application\ML-DL-application\installer\..\dist\VNOCR\_internal\onnxruntime\transformers\models\gpt2\__init__.py
   Compressing: C:\a\ML-DL-application\ML-DL-application\installer\..\dist\VNOCR\_internal\onnxruntime\transformers\models\llama\benchmark.py
   Compressing: C:\a\ML-DL-application\ML-DL-application\installer\..\dist\VNOCR\_internal\onnxruntime\transformers\models\llama\benchmark_all.py
   Compressing: C:\a\ML-DL-application\ML-DL-application\installer\..\dist\VNOCR\_internal\onnxruntime\transformers\models\llama\benchmark_e2e.py
   Compressing: C:\a\ML-DL-application\ML-DL-application\installer\..\dist\VNOCR\_internal\onnxruntime\transformers\models\llama\convert_to_onnx.py
   Compressing: C:\a\ML-DL-application\ML-DL-application\installer\..\dist\VNOCR\_internal\onnxruntime\transformers\models\llama\dist_settings.py
   Compressing: C:\a\ML-DL-application\ML-DL-application\installer\..\dist\VNOCR\_internal\onnxruntime\transformers\models\llama\llama_inputs.py
   Compressing: C:\a\ML-DL-application\ML-DL-application\installer\..\dist\VNOCR\_internal\onnxruntime\transformers\models\llama\llama_parity.py
   Compressing: C:\a\ML-DL-application\ML-DL-application\installer\..\dist\VNOCR\_internal\onnxruntime\transformers\models\llama\llama_torch.py
   Compressing: C:\a\ML-DL-application\ML-DL-application\installer\..\dist\VNOCR\_internal\onnxruntime\transformers\models\llama\quant_kv_dataloader.py
   Compressing: C:\a\ML-DL-application\ML-DL-application\installer\..\dist\VNOCR\_internal\onnxruntime\transformers\models\llama\__init__.py
   Compressing: C:\a\ML-DL-application\ML-DL-application\installer\..\dist\VNOCR\_internal\onnxruntime\transformers\models\longformer\benchmark_longformer.py
   Compressing: C:\a\ML-DL-application\ML-DL-application\installer\..\dist\VNOCR\_internal\onnxruntime\transformers\models\longformer\convert_to_onnx.py
   Compressing: C:\a\ML-DL-application\ML-DL-application\installer\..\dist\VNOCR\_internal\onnxruntime\transformers\models\longformer\generate_test_data.py
   Compressing: C:\a\ML-DL-application\ML-DL-application\installer\..\dist\VNOCR\_internal\onnxruntime\transformers\models\longformer\longformer_helper.py
   Compressing: C:\a\ML-DL-application\ML-DL-application\installer\..\dist\VNOCR\_internal\onnxruntime\transformers\models\longformer\__init__.py
   Compressing: C:\a\ML-DL-application\ML-DL-application\installer\..\dist\VNOCR\_internal\onnxruntime\transformers\models\phi2\convert_to_onnx.py
   Compressing: C:\a\ML-DL-application\ML-DL-application\installer\..\dist\VNOCR\_internal\onnxruntime\transformers\models\phi2\inference_example.py
   Compressing: C:\a\ML-DL-application\ML-DL-application\installer\..\dist\VNOCR\_internal\onnxruntime\transformers\models\phi2\__init__.py
   Compressing: C:\a\ML-DL-application\ML-DL-application\installer\..\dist\VNOCR\_internal\onnxruntime\transformers\models\sam2\benchmark_sam2.py
   Compressing: C:\a\ML-DL-application\ML-DL-application\installer\..\dist\VNOCR\_internal\onnxruntime\transformers\models\sam2\convert_to_onnx.py
   Compressing: C:\a\ML-DL-application\ML-DL-application\installer\..\dist\VNOCR\_internal\onnxruntime\transformers\models\sam2\image_decoder.py
   Compressing: C:\a\ML-DL-application\ML-DL-application\installer\..\dist\VNOCR\_internal\onnxruntime\transformers\models\sam2\image_encoder.py
   Compressing: C:\a\ML-DL-application\ML-DL-application\installer\..\dist\VNOCR\_internal\onnxruntime\transformers\models\sam2\mask_decoder.py
   Compressing: C:\a\ML-DL-application\ML-DL-application\installer\..\dist\VNOCR\_internal\onnxruntime\transformers\models\sam2\nvtx_helper.py
   Compressing: C:\a\ML-DL-application\ML-DL-application\installer\..\dist\VNOCR\_internal\onnxruntime\transformers\models\sam2\prompt_encoder.py
   Compressing: C:\a\ML-DL-application\ML-DL-application\installer\..\dist\VNOCR\_internal\onnxruntime\transformers\models\sam2\sam2_demo.py
   Compressing: C:\a\ML-DL-application\ML-DL-application\installer\..\dist\VNOCR\_internal\onnxruntime\transformers\models\sam2\sam2_image_onnx_predictor.py
   Compressing: C:\a\ML-DL-application\ML-DL-application\installer\..\dist\VNOCR\_internal\onnxruntime\transformers\models\sam2\sam2_utils.py
   Compressing: C:\a\ML-DL-application\ML-DL-application\installer\..\dist\VNOCR\_internal\onnxruntime\transformers\models\sam2\__init__.py
   Compressing: C:\a\ML-DL-application\ML-DL-application\installer\..\dist\VNOCR\_internal\onnxruntime\transformers\models\stable_diffusion\benchmark.py
   Compressing: C:\a\ML-DL-application\ML-DL-application\installer\..\dist\VNOCR\_internal\onnxruntime\transformers\models\stable_diffusion\benchmark_controlnet.py
   Compressing: C:\a\ML-DL-application\ML-DL-application\installer\..\dist\VNOCR\_internal\onnxruntime\transformers\models\stable_diffusion\demo_txt2img.py
   Compressing: C:\a\ML-DL-application\ML-DL-application\installer\..\dist\VNOCR\_internal\onnxruntime\transformers\models\stable_diffusion\demo_txt2img_xl.py
   Compressing: C:\a\ML-DL-application\ML-DL-application\installer\..\dist\VNOCR\_internal\onnxruntime\transformers\models\stable_diffusion\demo_utils.py
   Compressing: C:\a\ML-DL-application\ML-DL-application\installer\..\dist\VNOCR\_internal\onnxruntime\transformers\models\stable_diffusion\diffusion_models.py
   Compressing: C:\a\ML-DL-application\ML-DL-application\installer\..\dist\VNOCR\_internal\onnxruntime\transformers\models\stable_diffusion\diffusion_schedulers.py
   Compressing: C:\a\ML-DL-application\ML-DL-application\installer\..\dist\VNOCR\_internal\onnxruntime\transformers\models\stable_diffusion\engine_builder.py
   Compressing: C:\a\ML-DL-application\ML-DL-application\installer\..\dist\VNOCR\_internal\onnxruntime\transformers\models\stable_diffusion\engine_builder_ort_cuda.py
   Compressing: C:\a\ML-DL-application\ML-DL-application\installer\..\dist\VNOCR\_internal\onnxruntime\transformers\models\stable_diffusion\engine_builder_ort_trt.py
   Compressing: C:\a\ML-DL-application\ML-DL-application\installer\..\dist\VNOCR\_internal\onnxruntime\transformers\models\stable_diffusion\engine_builder_tensorrt.py
   Compressing: C:\a\ML-DL-application\ML-DL-application\installer\..\dist\VNOCR\_internal\onnxruntime\transformers\models\stable_diffusion\engine_builder_torch.py
   Compressing: C:\a\ML-DL-application\ML-DL-application\installer\..\dist\VNOCR\_internal\onnxruntime\transformers\models\stable_diffusion\optimize_pipeline.py
   Compressing: C:\a\ML-DL-application\ML-DL-application\installer\..\dist\VNOCR\_internal\onnxruntime\transformers\models\stable_diffusion\ort_optimizer.py
   Compressing: C:\a\ML-DL-application\ML-DL-application\installer\..\dist\VNOCR\_internal\onnxruntime\transformers\models\stable_diffusion\pipeline_stable_diffusion.py
   Compressing: C:\a\ML-DL-application\ML-DL-application\installer\..\dist\VNOCR\_internal\onnxruntime\transformers\models\stable_diffusion\trt_utilities.py
   Compressing: C:\a\ML-DL-application\ML-DL-application\installer\..\dist\VNOCR\_internal\onnxruntime\transformers\models\stable_diffusion\__init__.py
   Compressing: C:\a\ML-DL-application\ML-DL-application\installer\..\dist\VNOCR\_internal\onnxruntime\transformers\models\t5\convert_to_onnx.py
   Compressing: C:\a\ML-DL-application\ML-DL-application\installer\..\dist\VNOCR\_internal\onnxruntime\transformers\models\t5\t5_decoder.py
   Compressing: C:\a\ML-DL-application\ML-DL-application\installer\..\dist\VNOCR\_internal\onnxruntime\transformers\models\t5\t5_encoder.py
   Compressing: C:\a\ML-DL-application\ML-DL-application\installer\..\dist\VNOCR\_internal\onnxruntime\transformers\models\t5\t5_encoder_decoder_init.py
   Compressing: C:\a\ML-DL-application\ML-DL-application\installer\..\dist\VNOCR\_internal\onnxruntime\transformers\models\t5\t5_helper.py
   Compressing: C:\a\ML-DL-application\ML-DL-application\installer\..\dist\VNOCR\_internal\onnxruntime\transformers\models\t5\__init__.py
   Compressing: C:\a\ML-DL-application\ML-DL-application\installer\..\dist\VNOCR\_internal\onnxruntime\transformers\models\whisper\benchmark.py
   Compressing: C:\a\ML-DL-application\ML-DL-application\installer\..\dist\VNOCR\_internal\onnxruntime\transformers\models\whisper\benchmark_all.py
   Compressing: C:\a\ML-DL-application\ML-DL-application\installer\..\dist\VNOCR\_internal\onnxruntime\transformers\models\whisper\convert_to_onnx.py
   Compressing: C:\a\ML-DL-application\ML-DL-application\installer\..\dist\VNOCR\_internal\onnxruntime\transformers\models\whisper\whisper_chain.py
   Compressing: C:\a\ML-DL-application\ML-DL-application\installer\..\dist\VNOCR\_internal\onnxruntime\transformers\models\whisper\whisper_decoder.py
   Compressing: C:\a\ML-DL-application\ML-DL-application\installer\..\dist\VNOCR\_internal\onnxruntime\transformers\models\whisper\whisper_encoder.py
   Compressing: C:\a\ML-DL-application\ML-DL-application\installer\..\dist\VNOCR\_internal\onnxruntime\transformers\models\whisper\whisper_encoder_decoder_init.py
   Compressing: C:\a\ML-DL-application\ML-DL-application\installer\..\dist\VNOCR\_internal\onnxruntime\transformers\models\whisper\whisper_helper.py
   Compressing: C:\a\ML-DL-application\ML-DL-application\installer\..\dist\VNOCR\_internal\onnxruntime\transformers\models\whisper\whisper_inputs.py
   Compressing: C:\a\ML-DL-application\ML-DL-application\installer\..\dist\VNOCR\_internal\onnxruntime\transformers\models\whisper\whisper_jump_times.py
   Compressing: C:\a\ML-DL-application\ML-DL-application\installer\..\dist\VNOCR\_internal\onnxruntime\transformers\models\whisper\__init__.py
   Compressing: C:\a\ML-DL-application\ML-DL-application\installer\..\dist\VNOCR\_internal\onnxruntime-1.30.0.dist-info\entry_points.txt
   Compressing: C:\a\ML-DL-application\ML-DL-application\installer\..\dist\VNOCR\_internal\onnxruntime-1.30.0.dist-info\INSTALLER
   Compressing: C:\a\ML-DL-application\ML-DL-application\installer\..\dist\VNOCR\_internal\onnxruntime-1.30.0.dist-info\METADATA
   Compressing: C:\a\ML-DL-application\ML-DL-application\installer\..\dist\VNOCR\_internal\onnxruntime-1.30.0.dist-info\RECORD
   Compressing: C:\a\ML-DL-application\ML-DL-application\installer\..\dist\VNOCR\_internal\onnxruntime-1.30.0.dist-info\top_level.txt
   Compressing: C:\a\ML-DL-application\ML-DL-application\installer\..\dist\VNOCR\_internal\onnxruntime-1.30.0.dist-info\WHEEL
   Compressing: C:\a\ML-DL-application\ML-DL-application\installer\..\dist\VNOCR\_internal\onnxruntime_qnn\build_and_package_info.py
   Compressing: C:\a\ML-DL-application\ML-DL-application\installer\..\dist\VNOCR\_internal\onnxruntime_qnn\Genie.dll
   Compressing: C:\a\ML-DL-application\ML-DL-application\installer\..\dist\VNOCR\_internal\onnxruntime_qnn\libQnnHtpV68Skel.so
   Compressing: C:\a\ML-DL-application\ML-DL-application\installer\..\dist\VNOCR\_internal\onnxruntime_qnn\libqnnhtpv73.cat
   Compressing: C:\a\ML-DL-application\ML-DL-application\installer\..\dist\VNOCR\_internal\onnxruntime_qnn\libQnnHtpV73Skel.so
   Compressing: C:\a\ML-DL-application\ML-DL-application\installer\..\dist\VNOCR\_internal\onnxruntime_qnn\libqnnhtpv81.cat
   Compressing: C:\a\ML-DL-application\ML-DL-application\installer\..\dist\VNOCR\_internal\onnxruntime_qnn\libQnnHtpV81Skel.so
   Compressing: C:\a\ML-DL-application\ML-DL-application\installer\..\dist\VNOCR\_internal\onnxruntime_qnn\LICENSE
   Compressing: C:\a\ML-DL-application\ML-DL-application\installer\..\dist\VNOCR\_internal\onnxruntime_qnn\onnxruntime_providers_qnn.dll
   Compressing: C:\a\ML-DL-application\ML-DL-application\installer\..\dist\VNOCR\_internal\onnxruntime_qnn\Privacy.md
   Compressing: C:\a\ML-DL-application\ML-DL-application\installer\..\dist\VNOCR\_internal\onnxruntime_qnn\QnnGpu.dll
   Compressing: C:\a\ML-DL-application\ML-DL-application\installer\..\dist\VNOCR\_internal\onnxruntime_qnn\QnnHtp.dll
   Compressing: C:\a\ML-DL-application\ML-DL-application\installer\..\dist\VNOCR\_internal\onnxruntime_qnn\QnnHtpNetRunExtensions.dll
   Compressing: C:\a\ML-DL-application\ML-DL-application\installer\..\dist\VNOCR\_internal\onnxruntime_qnn\QnnHtpPrepare.dll
   Compressing: C:\a\ML-DL-application\ML-DL-application\installer\..\dist\VNOCR\_internal\onnxruntime_qnn\QnnHtpV68Stub.dll
   Compressing: C:\a\ML-DL-application\ML-DL-application\installer\..\dist\VNOCR\_internal\onnxruntime_qnn\QnnHtpV73Stub.dll
   Compressing: C:\a\ML-DL-application\ML-DL-application\installer\..\dist\VNOCR\_internal\onnxruntime_qnn\QnnHtpV81Stub.dll
   Compressing: C:\a\ML-DL-application\ML-DL-application\installer\..\dist\VNOCR\_internal\onnxruntime_qnn\QnnIr.dll
   Compressing: C:\a\ML-DL-application\ML-DL-application\installer\..\dist\VNOCR\_internal\onnxruntime_qnn\QnnSaver.dll
   Compressing: C:\a\ML-DL-application\ML-DL-application\installer\..\dist\VNOCR\_internal\onnxruntime_qnn\QnnSystem.dll
   Compressing: C:\a\ML-DL-application\ML-DL-application\installer\..\dist\VNOCR\_internal\onnxruntime_qnn\Qualcomm_LICENSE.pdf
   Compressing: C:\a\ML-DL-application\ML-DL-application\installer\..\dist\VNOCR\_internal\onnxruntime_qnn\ThirdPartyNotices.txt
   Compressing: C:\a\ML-DL-application\ML-DL-application\installer\..\dist\VNOCR\_internal\onnxruntime_qnn\__init__.py
   Compressing: C:\a\ML-DL-application\ML-DL-application\installer\..\dist\VNOCR\_internal\onnxruntime_qnn-2.6.0.dist-info\INSTALLER
   Compressing: C:\a\ML-DL-application\ML-DL-application\installer\..\dist\VNOCR\_internal\onnxruntime_qnn-2.6.0.dist-info\METADATA
   Compressing: C:\a\ML-DL-application\ML-DL-application\installer\..\dist\VNOCR\_internal\onnxruntime_qnn-2.6.0.dist-info\RECORD
   Compressing: C:\a\ML-DL-application\ML-DL-application\installer\..\dist\VNOCR\_internal\onnxruntime_qnn-2.6.0.dist-info\REQUESTED
   Compressing: C:\a\ML-DL-application\ML-DL-application\installer\..\dist\VNOCR\_internal\onnxruntime_qnn-2.6.0.dist-info\top_level.txt
   Compressing: C:\a\ML-DL-application\ML-DL-application\installer\..\dist\VNOCR\_internal\onnxruntime_qnn-2.6.0.dist-info\WHEEL
   Compressing: C:\a\ML-DL-application\ML-DL-application\installer\..\dist\VNOCR\_internal\onnxruntime_qnn-2.6.0.dist-info\licenses\LICENSE
   Compressing: C:\a\ML-DL-application\ML-DL-application\installer\..\dist\VNOCR\_internal\PIL\_imaging.cp312-win_arm64.pyd
   Compressing: C:\a\ML-DL-application\ML-DL-application\installer\..\dist\VNOCR\_internal\PIL\_imagingcms.cp312-win_arm64.pyd
   Compressing: C:\a\ML-DL-application\ML-DL-application\installer\..\dist\VNOCR\_internal\PIL\_imagingmath.cp312-win_arm64.pyd
   Compressing: C:\a\ML-DL-application\ML-DL-application\installer\..\dist\VNOCR\_internal\PIL\_imagingtk.cp312-win_arm64.pyd
   Compressing: C:\a\ML-DL-application\ML-DL-application\installer\..\dist\VNOCR\_internal\PIL\_webp.cp312-win_arm64.pyd
   Compressing: C:\a\ML-DL-application\ML-DL-application\installer\..\dist\VNOCR\_internal\pymupdf\extra.py
   Compressing: C:\a\ML-DL-application\ML-DL-application\installer\..\dist\VNOCR\_internal\pymupdf\mupdf.py
   Compressing: C:\a\ML-DL-application\ML-DL-application\installer\..\dist\VNOCR\_internal\pymupdf\mupdfcpp64.dll
   Compressing: C:\a\ML-DL-application\ML-DL-application\installer\..\dist\VNOCR\_internal\pymupdf\py.typed
   Compressing: C:\a\ML-DL-application\ML-DL-application\installer\..\dist\VNOCR\_internal\pymupdf\pymupdf.py
   Compressing: C:\a\ML-DL-application\ML-DL-application\installer\..\dist\VNOCR\_internal\pymupdf\table.py
   Compressing: C:\a\ML-DL-application\ML-DL-application\installer\..\dist\VNOCR\_internal\pymupdf\utils.py
   Compressing: C:\a\ML-DL-application\ML-DL-application\installer\..\dist\VNOCR\_internal\pymupdf\_apply_pages.py
   Compressing: C:\a\ML-DL-application\ML-DL-application\installer\..\dist\VNOCR\_internal\pymupdf\_build.py
   Compressing: C:\a\ML-DL-application\ML-DL-application\installer\..\dist\VNOCR\_internal\pymupdf\_extra.pyd
   Compressing: C:\a\ML-DL-application\ML-DL-application\installer\..\dist\VNOCR\_internal\pymupdf\_mupdf.pyd
   Compressing: C:\a\ML-DL-application\ML-DL-application\installer\..\dist\VNOCR\_internal\pymupdf\_table_headers.py
   Compressing: C:\a\ML-DL-application\ML-DL-application\installer\..\dist\VNOCR\_internal\pymupdf\_table_refine.py
   Compressing: C:\a\ML-DL-application\ML-DL-application\installer\..\dist\VNOCR\_internal\pymupdf\_table_spans.py
   Compressing: C:\a\ML-DL-application\ML-DL-application\installer\..\dist\VNOCR\_internal\pymupdf\_table_union.py
   Compressing: C:\a\ML-DL-application\ML-DL-application\installer\..\dist\VNOCR\_internal\pymupdf\_wxcolors.py
   Compressing: C:\a\ML-DL-application\ML-DL-application\installer\..\dist\VNOCR\_internal\pymupdf\__init__.py
   Compressing: C:\a\ML-DL-application\ML-DL-application\installer\..\dist\VNOCR\_internal\pymupdf\__main__.py
   Compressing: C:\a\ML-DL-application\ML-DL-application\installer\..\dist\VNOCR\_internal\pymupdf\mupdf-devel\include\mupdf\classes.h
   Compressing: C:\a\ML-DL-application\ML-DL-application\installer\..\dist\VNOCR\_internal\pymupdf\mupdf-devel\include\mupdf\classes2.h
   Compressing: C:\a\ML-DL-application\ML-DL-application\installer\..\dist\VNOCR\_internal\pymupdf\mupdf-devel\include\mupdf\exceptions.h
   Compressing: C:\a\ML-DL-application\ML-DL-application\installer\..\dist\VNOCR\_internal\pymupdf\mupdf-devel\include\mupdf\extra.h
   Compressing: C:\a\ML-DL-application\ML-DL-application\installer\..\dist\VNOCR\_internal\pymupdf\mupdf-devel\include\mupdf\fitz.h
   Compressing: C:\a\ML-DL-application\ML-DL-application\installer\..\dist\VNOCR\_internal\pymupdf\mupdf-devel\include\mupdf\functions.h
   Compressing: C:\a\ML-DL-application\ML-DL-application\installer\..\dist\VNOCR\_internal\pymupdf\mupdf-devel\include\mupdf\html.h
   Compressing: C:\a\ML-DL-application\ML-DL-application\installer\..\dist\VNOCR\_internal\pymupdf\mupdf-devel\include\mupdf\internal.h
   Compressing: C:\a\ML-DL-application\ML-DL-application\installer\..\dist\VNOCR\_internal\pymupdf\mupdf-devel\include\mupdf\memento.h
   Compressing: C:\a\ML-DL-application\ML-DL-application\installer\..\dist\VNOCR\_internal\pymupdf\mupdf-devel\include\mupdf\pdf.h
   Compressing: C:\a\ML-DL-application\ML-DL-application\installer\..\dist\VNOCR\_internal\pymupdf\mupdf-devel\include\mupdf\ucdn.h
   Compressing: C:\a\ML-DL-application\ML-DL-application\installer\..\dist\VNOCR\_internal\pymupdf\mupdf-devel\include\mupdf\fitz\archive.h
   Compressing: C:\a\ML-DL-application\ML-DL-application\installer\..\dist\VNOCR\_internal\pymupdf\mupdf-devel\include\mupdf\fitz\band-writer.h
   Compressing: C:\a\ML-DL-application\ML-DL-application\installer\..\dist\VNOCR\_internal\pymupdf\mupdf-devel\include\mupdf\fitz\barcode.h
   Compressing: C:\a\ML-DL-application\ML-DL-application\installer\..\dist\VNOCR\_internal\pymupdf\mupdf-devel\include\mupdf\fitz\bidi.h
   Compressing: C:\a\ML-DL-application\ML-DL-application\installer\..\dist\VNOCR\_internal\pymupdf\mupdf-devel\include\mupdf\fitz\bitmap.h
   Compressing: C:\a\ML-DL-application\ML-DL-application\installer\..\dist\VNOCR\_internal\pymupdf\mupdf-devel\include\mupdf\fitz\buffer.h
   Compressing: C:\a\ML-DL-application\ML-DL-application\installer\..\dist\VNOCR\_internal\pymupdf\mupdf-devel\include\mupdf\fitz\color.h
   Compressing: C:\a\ML-DL-application\ML-DL-application\installer\..\dist\VNOCR\_internal\pymupdf\mupdf-devel\include\mupdf\fitz\compress.h
   Compressing: C:\a\ML-DL-application\ML-DL-application\installer\..\dist\VNOCR\_internal\pymupdf\mupdf-devel\include\mupdf\fitz\compressed-buffer.h
   Compressing: C:\a\ML-DL-application\ML-DL-application\installer\..\dist\VNOCR\_internal\pymupdf\mupdf-devel\include\mupdf\fitz\config.h
   Compressing: C:\a\ML-DL-application\ML-DL-application\installer\..\dist\VNOCR\_internal\pymupdf\mupdf-devel\include\mupdf\fitz\context.h
   Compressing: C:\a\ML-DL-application\ML-DL-application\installer\..\dist\VNOCR\_internal\pymupdf\mupdf-devel\include\mupdf\fitz\crypt.h
   Compressing: C:\a\ML-DL-application\ML-DL-application\installer\..\dist\VNOCR\_internal\pymupdf\mupdf-devel\include\mupdf\fitz\deskew.h
   Compressing: C:\a\ML-DL-application\ML-DL-application\installer\..\dist\VNOCR\_internal\pymupdf\mupdf-devel\include\mupdf\fitz\device.h
   Compressing: C:\a\ML-DL-application\ML-DL-application\installer\..\dist\VNOCR\_internal\pymupdf\mupdf-devel\include\mupdf\fitz\display-list.h
   Compressing: C:\a\ML-DL-application\ML-DL-application\installer\..\dist\VNOCR\_internal\pymupdf\mupdf-devel\include\mupdf\fitz\document.h
   Compressing: C:\a\ML-DL-application\ML-DL-application\installer\..\dist\VNOCR\_internal\pymupdf\mupdf-devel\include\mupdf\fitz\export.h
   Compressing: C:\a\ML-DL-application\ML-DL-application\installer\..\dist\VNOCR\_internal\pymupdf\mupdf-devel\include\mupdf\fitz\filter.h
   Compressing: C:\a\ML-DL-application\ML-DL-application\installer\..\dist\VNOCR\_internal\pymupdf\mupdf-devel\include\mupdf\fitz\font.h
   Compressing: C:\a\ML-DL-application\ML-DL-application\installer\..\dist\VNOCR\_internal\pymupdf\mupdf-devel\include\mupdf\fitz\geometry.h
   Compressing: C:\a\ML-DL-application\ML-DL-application\installer\..\dist\VNOCR\_internal\pymupdf\mupdf-devel\include\mupdf\fitz\getopt.h
   Compressing: C:\a\ML-DL-application\ML-DL-application\installer\..\dist\VNOCR\_internal\pymupdf\mupdf-devel\include\mupdf\fitz\glyph-cache.h
   Compressing: C:\a\ML-DL-application\ML-DL-application\installer\..\dist\VNOCR\_internal\pymupdf\mupdf-devel\include\mupdf\fitz\glyph.h
   Compressing: C:\a\ML-DL-application\ML-DL-application\installer\..\dist\VNOCR\_internal\pymupdf\mupdf-devel\include\mupdf\fitz\hash.h
   Compressing: C:\a\ML-DL-application\ML-DL-application\installer\..\dist\VNOCR\_internal\pymupdf\mupdf-devel\include\mupdf\fitz\heap-imp.h
   Compressing: C:\a\ML-DL-application\ML-DL-application\installer\..\dist\VNOCR\_internal\pymupdf\mupdf-devel\include\mupdf\fitz\heap.h
   Compressing: C:\a\ML-DL-application\ML-DL-application\installer\..\dist\VNOCR\_internal\pymupdf\mupdf-devel\include\mupdf\fitz\hyphen.h
   Compressing: C:\a\ML-DL-application\ML-DL-application\installer\..\dist\VNOCR\_internal\pymupdf\mupdf-devel\include\mupdf\fitz\image.h
   Compressing: C:\a\ML-DL-application\ML-DL-application\installer\..\dist\VNOCR\_internal\pymupdf\mupdf-devel\include\mupdf\fitz\json.h
   Compressing: C:\a\ML-DL-application\ML-DL-application\installer\..\dist\VNOCR\_internal\pymupdf\mupdf-devel\include\mupdf\fitz\link.h
   Compressing: C:\a\ML-DL-application\ML-DL-application\installer\..\dist\VNOCR\_internal\pymupdf\mupdf-devel\include\mupdf\fitz\log.h
   Compressing: C:\a\ML-DL-application\ML-DL-application\installer\..\dist\VNOCR\_internal\pymupdf\mupdf-devel\include\mupdf\fitz\options.h
   Compressing: C:\a\ML-DL-application\ML-DL-application\installer\..\dist\VNOCR\_internal\pymupdf\mupdf-devel\include\mupdf\fitz\outline.h
   Compressing: C:\a\ML-DL-application\ML-DL-application\installer\..\dist\VNOCR\_internal\pymupdf\mupdf-devel\include\mupdf\fitz\output-svg.h
   Compressing: C:\a\ML-DL-application\ML-DL-application\installer\..\dist\VNOCR\_internal\pymupdf\mupdf-devel\include\mupdf\fitz\output.h
   Compressing: C:\a\ML-DL-application\ML-DL-application\installer\..\dist\VNOCR\_internal\pymupdf\mupdf-devel\include\mupdf\fitz\path.h
   Compressing: C:\a\ML-DL-application\ML-DL-application\installer\..\dist\VNOCR\_internal\pymupdf\mupdf-devel\include\mupdf\fitz\pixmap.h
   Compressing: C:\a\ML-DL-application\ML-DL-application\installer\..\dist\VNOCR\_internal\pymupdf\mupdf-devel\include\mupdf\fitz\pool.h
   Compressing: C:\a\ML-DL-application\ML-DL-application\installer\..\dist\VNOCR\_internal\pymupdf\mupdf-devel\include\mupdf\fitz\separation.h
   Compressing: C:\a\ML-DL-application\ML-DL-application\installer\..\dist\VNOCR\_internal\pymupdf\mupdf-devel\include\mupdf\fitz\shade.h
   Compressing: C:\a\ML-DL-application\ML-DL-application\installer\..\dist\VNOCR\_internal\pymupdf\mupdf-devel\include\mupdf\fitz\store.h
   Compressing: C:\a\ML-DL-application\ML-DL-application\installer\..\dist\VNOCR\_internal\pymupdf\mupdf-devel\include\mupdf\fitz\story-writer.h
   Compressing: C:\a\ML-DL-application\ML-DL-application\installer\..\dist\VNOCR\_internal\pymupdf\mupdf-devel\include\mupdf\fitz\story.h
   Compressing: C:\a\ML-DL-application\ML-DL-application\installer\..\dist\VNOCR\_internal\pymupdf\mupdf-devel\include\mupdf\fitz\stream.h
   Compressing: C:\a\ML-DL-application\ML-DL-application\installer\..\dist\VNOCR\_internal\pymupdf\mupdf-devel\include\mupdf\fitz\string-util.h
   Compressing: C:\a\ML-DL-application\ML-DL-application\installer\..\dist\VNOCR\_internal\pymupdf\mupdf-devel\include\mupdf\fitz\structured-text.h
   Compressing: C:\a\ML-DL-application\ML-DL-application\installer\..\dist\VNOCR\_internal\pymupdf\mupdf-devel\include\mupdf\fitz\system.h
   Compressing: C:\a\ML-DL-application\ML-DL-application\installer\..\dist\VNOCR\_internal\pymupdf\mupdf-devel\include\mupdf\fitz\text.h
   Compressing: C:\a\ML-DL-application\ML-DL-application\installer\..\dist\VNOCR\_internal\pymupdf\mupdf-devel\include\mupdf\fitz\track-usage.h
   Compressing: C:\a\ML-DL-application\ML-DL-application\installer\..\dist\VNOCR\_internal\pymupdf\mupdf-devel\include\mupdf\fitz\transition.h
   Compressing: C:\a\ML-DL-application\ML-DL-application\installer\..\dist\VNOCR\_internal\pymupdf\mupdf-devel\include\mupdf\fitz\tree.h
   Compressing: C:\a\ML-DL-application\ML-DL-application\installer\..\dist\VNOCR\_internal\pymupdf\mupdf-devel\include\mupdf\fitz\types.h
   Compressing: C:\a\ML-DL-application\ML-DL-application\installer\..\dist\VNOCR\_internal\pymupdf\mupdf-devel\include\mupdf\fitz\util.h
   Compressing: C:\a\ML-DL-application\ML-DL-application\installer\..\dist\VNOCR\_internal\pymupdf\mupdf-devel\include\mupdf\fitz\version.h
   Compressing: C:\a\ML-DL-application\ML-DL-application\installer\..\dist\VNOCR\_internal\pymupdf\mupdf-devel\include\mupdf\fitz\write-pixmap.h
   Compressing: C:\a\ML-DL-application\ML-DL-application\installer\..\dist\VNOCR\_internal\pymupdf\mupdf-devel\include\mupdf\fitz\writer.h
   Compressing: C:\a\ML-DL-application\ML-DL-application\installer\..\dist\VNOCR\_internal\pymupdf\mupdf-devel\include\mupdf\fitz\xml.h
   Compressing: C:\a\ML-DL-application\ML-DL-application\installer\..\dist\VNOCR\_internal\pymupdf\mupdf-devel\include\mupdf\helpers\mu-office-lib.h
   Compressing: C:\a\ML-DL-application\ML-DL-application\installer\..\dist\VNOCR\_internal\pymupdf\mupdf-devel\include\mupdf\helpers\mu-threads.h
   Compressing: C:\a\ML-DL-application\ML-DL-application\installer\..\dist\VNOCR\_internal\pymupdf\mupdf-devel\include\mupdf\helpers\pkcs7-openssl.h
   Compressing: C:\a\ML-DL-application\ML-DL-application\installer\..\dist\VNOCR\_internal\pymupdf\mupdf-devel\include\mupdf\pdf\annot.h
   Compressing: C:\a\ML-DL-application\ML-DL-application\installer\..\dist\VNOCR\_internal\pymupdf\mupdf-devel\include\mupdf\pdf\clean.h
   Compressing: C:\a\ML-DL-application\ML-DL-application\installer\..\dist\VNOCR\_internal\pymupdf\mupdf-devel\include\mupdf\pdf\cmap.h
   Compressing: C:\a\ML-DL-application\ML-DL-application\installer\..\dist\VNOCR\_internal\pymupdf\mupdf-devel\include\mupdf\pdf\crypt.h
   Compressing: C:\a\ML-DL-application\ML-DL-application\installer\..\dist\VNOCR\_internal\pymupdf\mupdf-devel\include\mupdf\pdf\document.h
   Compressing: C:\a\ML-DL-application\ML-DL-application\installer\..\dist\VNOCR\_internal\pymupdf\mupdf-devel\include\mupdf\pdf\event.h
   Compressing: C:\a\ML-DL-application\ML-DL-application\installer\..\dist\VNOCR\_internal\pymupdf\mupdf-devel\include\mupdf\pdf\font.h
   Compressing: C:\a\ML-DL-application\ML-DL-application\installer\..\dist\VNOCR\_internal\pymupdf\mupdf-devel\include\mupdf\pdf\form.h
   Compressing: C:\a\ML-DL-application\ML-DL-application\installer\..\dist\VNOCR\_internal\pymupdf\mupdf-devel\include\mupdf\pdf\image-rewriter.h
   Compressing: C:\a\ML-DL-application\ML-DL-application\installer\..\dist\VNOCR\_internal\pymupdf\mupdf-devel\include\mupdf\pdf\interpret.h
   Compressing: C:\a\ML-DL-application\ML-DL-application\installer\..\dist\VNOCR\_internal\pymupdf\mupdf-devel\include\mupdf\pdf\javascript.h
   Compressing: C:\a\ML-DL-application\ML-DL-application\installer\..\dist\VNOCR\_internal\pymupdf\mupdf-devel\include\mupdf\pdf\name-table.h
   Compressing: C:\a\ML-DL-application\ML-DL-application\installer\..\dist\VNOCR\_internal\pymupdf\mupdf-devel\include\mupdf\pdf\object.h
   Compressing: C:\a\ML-DL-application\ML-DL-application\installer\..\dist\VNOCR\_internal\pymupdf\mupdf-devel\include\mupdf\pdf\page.h
   Compressing: C:\a\ML-DL-application\ML-DL-application\installer\..\dist\VNOCR\_internal\pymupdf\mupdf-devel\include\mupdf\pdf\parse.h
   Compressing: C:\a\ML-DL-application\ML-DL-application\installer\..\dist\VNOCR\_internal\pymupdf\mupdf-devel\include\mupdf\pdf\recolor.h
   Compressing: C:\a\ML-DL-application\ML-DL-application\installer\..\dist\VNOCR\_internal\pymupdf\mupdf-devel\include\mupdf\pdf\resource.h
   Compressing: C:\a\ML-DL-application\ML-DL-application\installer\..\dist\VNOCR\_internal\pymupdf\mupdf-devel\include\mupdf\pdf\xref.h
   Compressing: C:\a\ML-DL-application\ML-DL-application\installer\..\dist\VNOCR\_internal\pymupdf\mupdf-devel\include\mupdf\pdf\zugferd.h
   Compressing: C:\a\ML-DL-application\ML-DL-application\installer\..\dist\VNOCR\_internal\pymupdf\mupdf-devel\lib\libmuthreads.lib
   Compressing: C:\a\ML-DL-application\ML-DL-application\installer\..\dist\VNOCR\_internal\pymupdf\mupdf-devel\lib\mupdfcpp64.lib
   Compressing: C:\a\ML-DL-application\ML-DL-application\installer\..\dist\VNOCR\_internal\pymupdf-1.28.2.dist-info\COPYING
   Compressing: C:\a\ML-DL-application\ML-DL-application\installer\..\dist\VNOCR\_internal\pymupdf-1.28.2.dist-info\entry_points.txt
   Compressing: C:\a\ML-DL-application\ML-DL-application\installer\..\dist\VNOCR\_internal\pymupdf-1.28.2.dist-info\INSTALLER
   Compressing: C:\a\ML-DL-application\ML-DL-application\installer\..\dist\VNOCR\_internal\pymupdf-1.28.2.dist-info\METADATA
   Compressing: C:\a\ML-DL-application\ML-DL-application\installer\..\dist\VNOCR\_internal\pymupdf-1.28.2.dist-info\README.md
   Compressing: C:\a\ML-DL-application\ML-DL-application\installer\..\dist\VNOCR\_internal\pymupdf-1.28.2.dist-info\RECORD
   Compressing: C:\a\ML-DL-application\ML-DL-application\installer\..\dist\VNOCR\_internal\pymupdf-1.28.2.dist-info\REQUESTED
   Compressing: C:\a\ML-DL-application\ML-DL-application\installer\..\dist\VNOCR\_internal\pymupdf-1.28.2.dist-info\WHEEL
   Compressing: C:\a\ML-DL-application\ML-DL-application\installer\..\dist\VNOCR\_internal\pyreadline3-3.5.6.dist-info\INSTALLER
   Compressing: C:\a\ML-DL-application\ML-DL-application\installer\..\dist\VNOCR\_internal\pyreadline3-3.5.6.dist-info\METADATA
   Compressing: C:\a\ML-DL-application\ML-DL-application\installer\..\dist\VNOCR\_internal\pyreadline3-3.5.6.dist-info\RECORD
   Compressing: C:\a\ML-DL-application\ML-DL-application\installer\..\dist\VNOCR\_internal\pyreadline3-3.5.6.dist-info\top_level.txt
   Compressing: C:\a\ML-DL-application\ML-DL-application\installer\..\dist\VNOCR\_internal\pyreadline3-3.5.6.dist-info\WHEEL
   Compressing: C:\a\ML-DL-application\ML-DL-application\installer\..\dist\VNOCR\_internal\pyreadline3-3.5.6.dist-info\licenses\LICENSE.md
   Compressing: C:\a\ML-DL-application\ML-DL-application\installer\..\dist\VNOCR\_internal\samples\sample_page.expected.txt
   Compressing: C:\a\ML-DL-application\ML-DL-application\installer\..\dist\VNOCR\_internal\samples\sample_page.png
   Compressing: C:\a\ML-DL-application\ML-DL-application\installer\..\dist\VNOCR\_internal\scipy\_cyutility.cp312-win_arm64.pyd
   Compressing: C:\a\ML-DL-application\ML-DL-application\installer\..\dist\VNOCR\_internal\scipy\cluster\hierarchy\_hierarchy.cp312-win_arm64.pyd
   Compressing: C:\a\ML-DL-application\ML-DL-application\installer\..\dist\VNOCR\_internal\scipy\cluster\hierarchy\_optimal_leaf_ordering.cp312-win_arm64.pyd
   Compressing: C:\a\ML-DL-application\ML-DL-application\installer\..\dist\VNOCR\_internal\scipy\cluster\vq\_vq.cp312-win_arm64.pyd
   Compressing: C:\a\ML-DL-application\ML-DL-application\installer\..\dist\VNOCR\_internal\scipy\fft\_duccfft\pyduccfft.cp312-win_arm64.pyd
   Compressing: C:\a\ML-DL-application\ML-DL-application\installer\..\dist\VNOCR\_internal\scipy\fftpack\convolve.cp312-win_arm64.pyd
   Compressing: C:\a\ML-DL-application\ML-DL-application\installer\..\dist\VNOCR\_internal\scipy\integrate\_dop.cp312-win_arm64.pyd
   Compressing: C:\a\ML-DL-application\ML-DL-application\installer\..\dist\VNOCR\_internal\scipy\integrate\_odepack.cp312-win_arm64.pyd
   Compressing: C:\a\ML-DL-application\ML-DL-application\installer\..\dist\VNOCR\_internal\scipy\integrate\_quadpack.cp312-win_arm64.pyd
   Compressing: C:\a\ML-DL-application\ML-DL-application\installer\..\dist\VNOCR\_internal\scipy\integrate\_test_multivariate.cp312-win_arm64.pyd
   Compressing: C:\a\ML-DL-application\ML-DL-application\installer\..\dist\VNOCR\_internal\scipy\integrate\_vode.cp312-win_arm64.pyd
   Compressing: C:\a\ML-DL-application\ML-DL-application\installer\..\dist\VNOCR\_internal\scipy\interpolate\_dierckx.cp312-win_arm64.pyd
   Compressing: C:\a\ML-DL-application\ML-DL-application\installer\..\dist\VNOCR\_internal\scipy\interpolate\_fitpack.cp312-win_arm64.pyd
   Compressing: C:\a\ML-DL-application\ML-DL-application\installer\..\dist\VNOCR\_internal\scipy\interpolate\_interpnd.cp312-win_arm64.pyd
   Compressing: C:\a\ML-DL-application\ML-DL-application\installer\..\dist\VNOCR\_internal\scipy\interpolate\_ppoly.cp312-win_arm64.pyd
   Compressing: C:\a\ML-DL-application\ML-DL-application\installer\..\dist\VNOCR\_internal\scipy\interpolate\_rbfinterp_pythran.cp312-win_arm64.pyd
   Compressing: C:\a\ML-DL-application\ML-DL-application\installer\..\dist\VNOCR\_internal\scipy\interpolate\_rgi_cython.cp312-win_arm64.pyd
   Compressing: C:\a\ML-DL-application\ML-DL-application\installer\..\dist\VNOCR\_internal\scipy\io\matlab\_mio5_utils.cp312-win_arm64.pyd
   Compressing: C:\a\ML-DL-application\ML-DL-application\installer\..\dist\VNOCR\_internal\scipy\io\matlab\_mio_utils.cp312-win_arm64.pyd
   Compressing: C:\a\ML-DL-application\ML-DL-application\installer\..\dist\VNOCR\_internal\scipy\io\matlab\_streams.cp312-win_arm64.pyd
   Compressing: C:\a\ML-DL-application\ML-DL-application\installer\..\dist\VNOCR\_internal\scipy\io\_fast_matrix_market\_fmm_core.cp312-win_arm64.pyd
   Compressing: C:\a\ML-DL-application\ML-DL-application\installer\..\dist\VNOCR\_internal\scipy\linalg\cython_blas.cp312-win_arm64.pyd
   Compressing: C:\a\ML-DL-application\ML-DL-application\installer\..\dist\VNOCR\_internal\scipy\linalg\cython_lapack.cp312-win_arm64.pyd
   Compressing: C:\a\ML-DL-application\ML-DL-application\installer\..\dist\VNOCR\_internal\scipy\linalg\_batched_linalg.cp312-win_arm64.pyd
   Compressing: C:\a\ML-DL-application\ML-DL-application\installer\..\dist\VNOCR\_internal\scipy\linalg\_cythonized_array_utils.cp312-win_arm64.pyd
   Compressing: C:\a\ML-DL-application\ML-DL-application\installer\..\dist\VNOCR\_internal\scipy\linalg\_decomp_interpolative.cp312-win_arm64.pyd
   Compressing: C:\a\ML-DL-application\ML-DL-application\installer\..\dist\VNOCR\_internal\scipy\linalg\_decomp_update.cp312-win_arm64.pyd
   Compressing: C:\a\ML-DL-application\ML-DL-application\installer\..\dist\VNOCR\_internal\scipy\linalg\_fblas.cp312-win_arm64.pyd
   Compressing: C:\a\ML-DL-application\ML-DL-application\installer\..\dist\VNOCR\_internal\scipy\linalg\_flapack.cp312-win_arm64.pyd
   Compressing: C:\a\ML-DL-application\ML-DL-application\installer\..\dist\VNOCR\_internal\scipy\linalg\_internal_matfuncs.cp312-win_arm64.pyd
   Compressing: C:\a\ML-DL-application\ML-DL-application\installer\..\dist\VNOCR\_internal\scipy\linalg\_linalg_pythran.cp312-win_arm64.pyd
   Compressing: C:\a\ML-DL-application\ML-DL-application\installer\..\dist\VNOCR\_internal\scipy\linalg\_matfuncs_sqrtm_triu.cp312-win_arm64.pyd
   Compressing: C:\a\ML-DL-application\ML-DL-application\installer\..\dist\VNOCR\_internal\scipy\linalg\_solve_toeplitz.cp312-win_arm64.pyd
   Compressing: C:\a\ML-DL-application\ML-DL-application\installer\..\dist\VNOCR\_internal\scipy\ndimage\_ctest.cp312-win_arm64.pyd
   Compressing: C:\a\ML-DL-application\ML-DL-application\installer\..\dist\VNOCR\_internal\scipy\ndimage\_cytest.cp312-win_arm64.pyd
   Compressing: C:\a\ML-DL-application\ML-DL-application\installer\..\dist\VNOCR\_internal\scipy\ndimage\_nd_image.cp312-win_arm64.pyd
   Compressing: C:\a\ML-DL-application\ML-DL-application\installer\..\dist\VNOCR\_internal\scipy\ndimage\_ni_label.cp312-win_arm64.pyd
   Compressing: C:\a\ML-DL-application\ML-DL-application\installer\..\dist\VNOCR\_internal\scipy\ndimage\_rank_filter_1d.cp312-win_arm64.pyd
   Compressing: C:\a\ML-DL-application\ML-DL-application\installer\..\dist\VNOCR\_internal\scipy\odr\__odrpack.cp312-win_arm64.pyd
   Compressing: C:\a\ML-DL-application\ML-DL-application\installer\..\dist\VNOCR\_internal\scipy\optimize\_bglu_dense.cp312-win_arm64.pyd
   Compressing: C:\a\ML-DL-application\ML-DL-application\installer\..\dist\VNOCR\_internal\scipy\optimize\_direct.cp312-win_arm64.pyd
   Compressing: C:\a\ML-DL-application\ML-DL-application\installer\..\dist\VNOCR\_internal\scipy\optimize\_group_columns.cp312-win_arm64.pyd
   Compressing: C:\a\ML-DL-application\ML-DL-application\installer\..\dist\VNOCR\_internal\scipy\optimize\_lbfgsb.cp312-win_arm64.pyd
   Compressing: C:\a\ML-DL-application\ML-DL-application\installer\..\dist\VNOCR\_internal\scipy\optimize\_lsap.cp312-win_arm64.pyd
   Compressing: C:\a\ML-DL-application\ML-DL-application\installer\..\dist\VNOCR\_internal\scipy\optimize\_minpack.cp312-win_arm64.pyd
   Compressing: C:\a\ML-DL-application\ML-DL-application\installer\..\dist\VNOCR\_internal\scipy\optimize\_moduleTNC.cp312-win_arm64.pyd
   Compressing: C:\a\ML-DL-application\ML-DL-application\installer\..\dist\VNOCR\_internal\scipy\optimize\_pava_pybind.cp312-win_arm64.pyd
   Compressing: C:\a\ML-DL-application\ML-DL-application\installer\..\dist\VNOCR\_internal\scipy\optimize\_slsqplib.cp312-win_arm64.pyd
   Compressing: C:\a\ML-DL-application\ML-DL-application\installer\..\dist\VNOCR\_internal\scipy\optimize\_zeros.cp312-win_arm64.pyd
   Compressing: C:\a\ML-DL-application\ML-DL-application\installer\..\dist\VNOCR\_internal\scipy\optimize\cython_optimize\_zeros.cp312-win_arm64.pyd
   Compressing: C:\a\ML-DL-application\ML-DL-application\installer\..\dist\VNOCR\_internal\scipy\optimize\_highspy\_core.cp312-win_arm64.pyd
   Compressing: C:\a\ML-DL-application\ML-DL-application\installer\..\dist\VNOCR\_internal\scipy\optimize\_highspy\_highs_options.cp312-win_arm64.pyd
   Compressing: C:\a\ML-DL-application\ML-DL-application\installer\..\dist\VNOCR\_internal\scipy\optimize\_lsq\givens_elimination.cp312-win_arm64.pyd
   Compressing: C:\a\ML-DL-application\ML-DL-application\installer\..\dist\VNOCR\_internal\scipy\optimize\_trlib\_trlib.cp312-win_arm64.pyd
   Compressing: C:\a\ML-DL-application\ML-DL-application\installer\..\dist\VNOCR\_internal\scipy\signal\_max_len_seq_inner.cp312-win_arm64.pyd
   Compressing: C:\a\ML-DL-application\ML-DL-application\installer\..\dist\VNOCR\_internal\scipy\signal\_peak_finding_utils.cp312-win_arm64.pyd
   Compressing: C:\a\ML-DL-application\ML-DL-application\installer\..\dist\VNOCR\_internal\scipy\signal\_sigtools.cp312-win_arm64.pyd
   Compressing: C:\a\ML-DL-application\ML-DL-application\installer\..\dist\VNOCR\_internal\scipy\signal\_sosfilt.cp312-win_arm64.pyd
   Compressing: C:\a\ML-DL-application\ML-DL-application\installer\..\dist\VNOCR\_internal\scipy\signal\_spline.cp312-win_arm64.pyd
   Compressing: C:\a\ML-DL-application\ML-DL-application\installer\..\dist\VNOCR\_internal\scipy\signal\_upfirdn_apply.cp312-win_arm64.pyd
   Compressing: C:\a\ML-DL-application\ML-DL-application\installer\..\dist\VNOCR\_internal\scipy\sparse\_csparsetools.cp312-win_arm64.pyd
   Compressing: C:\a\ML-DL-application\ML-DL-application\installer\..\dist\VNOCR\_internal\scipy\sparse\_sparsetools.cp312-win_arm64.pyd
   Compressing: C:\a\ML-DL-application\ML-DL-application\installer\..\dist\VNOCR\_internal\scipy\sparse\csgraph\_flow.cp312-win_arm64.pyd
   Compressing: C:\a\ML-DL-application\ML-DL-application\installer\..\dist\VNOCR\_internal\scipy\sparse\csgraph\_matching.cp312-win_arm64.pyd
   Compressing: C:\a\ML-DL-application\ML-DL-application\installer\..\dist\VNOCR\_internal\scipy\sparse\csgraph\_min_spanning_tree.cp312-win_arm64.pyd
   Compressing: C:\a\ML-DL-application\ML-DL-application\installer\..\dist\VNOCR\_internal\scipy\sparse\csgraph\_reordering.cp312-win_arm64.pyd
   Compressing: C:\a\ML-DL-application\ML-DL-application\installer\..\dist\VNOCR\_internal\scipy\sparse\csgraph\_shortest_path.cp312-win_arm64.pyd
   Compressing: C:\a\ML-DL-application\ML-DL-application\installer\..\dist\VNOCR\_internal\scipy\sparse\csgraph\_tools.cp312-win_arm64.pyd
   Compressing: C:\a\ML-DL-application\ML-DL-application\installer\..\dist\VNOCR\_internal\scipy\sparse\csgraph\_traversal.cp312-win_arm64.pyd
   Compressing: C:\a\ML-DL-application\ML-DL-application\installer\..\dist\VNOCR\_internal\scipy\sparse\linalg\_propack.cp312-win_arm64.pyd
   Compressing: C:\a\ML-DL-application\ML-DL-application\installer\..\dist\VNOCR\_internal\scipy\sparse\linalg\_dsolve\_superlu.cp312-win_arm64.pyd
   Compressing: C:\a\ML-DL-application\ML-DL-application\installer\..\dist\VNOCR\_internal\scipy\sparse\linalg\_eigen\arpack\_arpacklib.cp312-win_arm64.pyd
   Compressing: C:\a\ML-DL-application\ML-DL-application\installer\..\dist\VNOCR\_internal\scipy\spatial\_ckdtree.cp312-win_arm64.pyd
   Compressing: C:\a\ML-DL-application\ML-DL-application\installer\..\dist\VNOCR\_internal\scipy\spatial\_distance_pybind.cp312-win_arm64.pyd
   Compressing: C:\a\ML-DL-application\ML-DL-application\installer\..\dist\VNOCR\_internal\scipy\spatial\_distance_wrap.cp312-win_arm64.pyd
   Compressing: C:\a\ML-DL-application\ML-DL-application\installer\..\dist\VNOCR\_internal\scipy\spatial\_hausdorff.cp312-win_arm64.pyd
   Compressing: C:\a\ML-DL-application\ML-DL-application\installer\..\dist\VNOCR\_internal\scipy\spatial\_qhull.cp312-win_arm64.pyd
   Compressing: C:\a\ML-DL-application\ML-DL-application\installer\..\dist\VNOCR\_internal\scipy\spatial\_voronoi.cp312-win_arm64.pyd
   Compressing: C:\a\ML-DL-application\ML-DL-application\installer\..\dist\VNOCR\_internal\scipy\spatial\transform\_rigid_transform_cy.cp312-win_arm64.pyd
   Compressing: C:\a\ML-DL-application\ML-DL-application\installer\..\dist\VNOCR\_internal\scipy\spatial\transform\_rotation_cy.cp312-win_arm64.pyd
   Compressing: C:\a\ML-DL-application\ML-DL-application\installer\..\dist\VNOCR\_internal\scipy\special\cython_special.cp312-win_arm64.pyd
   Compressing: C:\a\ML-DL-application\ML-DL-application\installer\..\dist\VNOCR\_internal\scipy\special\_comb.cp312-win_arm64.pyd
   Compressing: C:\a\ML-DL-application\ML-DL-application\installer\..\dist\VNOCR\_internal\scipy\special\_ellip_harm_2.cp312-win_arm64.pyd
   Compressing: C:\a\ML-DL-application\ML-DL-application\installer\..\dist\VNOCR\_internal\scipy\special\_gufuncs.cp312-win_arm64.pyd
   Compressing: C:\a\ML-DL-application\ML-DL-application\installer\..\dist\VNOCR\_internal\scipy\special\_specfun.cp312-win_arm64.pyd
   Compressing: C:\a\ML-DL-application\ML-DL-application\installer\..\dist\VNOCR\_internal\scipy\special\_special_ufuncs.cp312-win_arm64.pyd
   Compressing: C:\a\ML-DL-application\ML-DL-application\installer\..\dist\VNOCR\_internal\scipy\special\_test_internal.cp312-win_arm64.pyd
   Compressing: C:\a\ML-DL-application\ML-DL-application\installer\..\dist\VNOCR\_internal\scipy\special\_ufuncs.cp312-win_arm64.pyd
   Compressing: C:\a\ML-DL-application\ML-DL-application\installer\..\dist\VNOCR\_internal\scipy\special\_ufuncs_cxx.cp312-win_arm64.pyd
   Compressing: C:\a\ML-DL-application\ML-DL-application\installer\..\dist\VNOCR\_internal\scipy\stats\_ansari_swilk_statistics.cp312-win_arm64.pyd
   Compressing: C:\a\ML-DL-application\ML-DL-application\installer\..\dist\VNOCR\_internal\scipy\stats\_biasedurn.cp312-win_arm64.pyd
   Compressing: C:\a\ML-DL-application\ML-DL-application\installer\..\dist\VNOCR\_internal\scipy\stats\_qmc_cy.cp312-win_arm64.pyd
   Compressing: C:\a\ML-DL-application\ML-DL-application\installer\..\dist\VNOCR\_internal\scipy\stats\_qmvnt_cy.cp312-win_arm64.pyd
   Compressing: C:\a\ML-DL-application\ML-DL-application\installer\..\dist\VNOCR\_internal\scipy\stats\_sobol.cp312-win_arm64.pyd
   Compressing: C:\a\ML-DL-application\ML-DL-application\installer\..\dist\VNOCR\_internal\scipy\stats\_stats.cp312-win_arm64.pyd
   Compressing: C:\a\ML-DL-application\ML-DL-application\installer\..\dist\VNOCR\_internal\scipy\stats\_stats_pythran.cp312-win_arm64.pyd
   Compressing: C:\a\ML-DL-application\ML-DL-application\installer\..\dist\VNOCR\_internal\scipy\stats\_levy_stable\levyst.cp312-win_arm64.pyd
   Compressing: C:\a\ML-DL-application\ML-DL-application\installer\..\dist\VNOCR\_internal\scipy\stats\_rcont\rcont.cp312-win_arm64.pyd
   Compressing: C:\a\ML-DL-application\ML-DL-application\installer\..\dist\VNOCR\_internal\scipy\stats\_unuran\unuran_wrapper.cp312-win_arm64.pyd
   Compressing: C:\a\ML-DL-application\ML-DL-application\installer\..\dist\VNOCR\_internal\scipy\_lib\messagestream.cp312-win_arm64.pyd
   Compressing: C:\a\ML-DL-application\ML-DL-application\installer\..\dist\VNOCR\_internal\scipy\_lib\_ccallback_c.cp312-win_arm64.pyd
   Compressing: C:\a\ML-DL-application\ML-DL-application\installer\..\dist\VNOCR\_internal\scipy\_lib\_fpumode.cp312-win_arm64.pyd
   Compressing: C:\a\ML-DL-application\ML-DL-application\installer\..\dist\VNOCR\_internal\scipy\_lib\_test_ccallback.cp312-win_arm64.pyd
   Compressing: C:\a\ML-DL-application\ML-DL-application\installer\..\dist\VNOCR\_internal\scipy\_lib\_test_deprecation_call.cp312-win_arm64.pyd
   Compressing: C:\a\ML-DL-application\ML-DL-application\installer\..\dist\VNOCR\_internal\scipy\_lib\_test_deprecation_def.cp312-win_arm64.pyd
   Compressing: C:\a\ML-DL-application\ML-DL-application\installer\..\dist\VNOCR\_internal\scipy\_lib\_uarray\_uarray.cp312-win_arm64.pyd
   Compressing: C:\a\ML-DL-application\ML-DL-application\installer\..\dist\VNOCR\_internal\scipy.libs\msvcp140-5f1c5dd31916990d94181e07bc3afb32.dll
   Compressing: C:\a\ML-DL-application\ML-DL-application\installer\..\dist\VNOCR\_internal\scipy.libs\scipy_openblas-d732e798918b18abdd4ca268b093c070.dll
   Compressing: C:\a\ML-DL-application\ML-DL-application\installer\..\dist\VNOCR\_internal\setuptools\_vendor\jaraco\text\Lorem ipsum.txt
   Compressing: C:\a\ML-DL-application\ML-DL-application\installer\..\dist\VNOCR\_internal\tcl8\8.4\platform-1.0.19.tm
   Compressing: C:\a\ML-DL-application\ML-DL-application\installer\..\dist\VNOCR\_internal\tcl8\8.4\platform\shell-1.1.4.tm
   Compressing: C:\a\ML-DL-application\ML-DL-application\installer\..\dist\VNOCR\_internal\tcl8\8.5\msgcat-1.6.1.tm
   Compressing: C:\a\ML-DL-application\ML-DL-application\installer\..\dist\VNOCR\_internal\tcl8\8.5\tcltest-2.5.8.tm
   Compressing: C:\a\ML-DL-application\ML-DL-application\installer\..\dist\VNOCR\_internal\tcl8\8.6\http-2.9.8.tm
   Compressing: C:\a\ML-DL-application\ML-DL-application\installer\..\dist\VNOCR\_internal\_tcl_data\auto.tcl
   Compressing: C:\a\ML-DL-application\ML-DL-application\installer\..\dist\VNOCR\_internal\_tcl_data\clock.tcl
   Compressing: C:\a\ML-DL-application\ML-DL-application\installer\..\dist\VNOCR\_internal\_tcl_data\history.tcl
   Compressing: C:\a\ML-DL-application\ML-DL-application\installer\..\dist\VNOCR\_internal\_tcl_data\init.tcl
   Compressing: C:\a\ML-DL-application\ML-DL-application\installer\..\dist\VNOCR\_internal\_tcl_data\package.tcl
   Compressing: C:\a\ML-DL-application\ML-DL-application\installer\..\dist\VNOCR\_internal\_tcl_data\parray.tcl
   Compressing: C:\a\ML-DL-application\ML-DL-application\installer\..\dist\VNOCR\_internal\_tcl_data\safe.tcl
   Compressing: C:\a\ML-DL-application\ML-DL-application\installer\..\dist\VNOCR\_internal\_tcl_data\tclIndex
   Compressing: C:\a\ML-DL-application\ML-DL-application\installer\..\dist\VNOCR\_internal\_tcl_data\tm.tcl
   Compressing: C:\a\ML-DL-application\ML-DL-application\installer\..\dist\VNOCR\_internal\_tcl_data\word.tcl
   Compressing: C:\a\ML-DL-application\ML-DL-application\installer\..\dist\VNOCR\_internal\_tcl_data\encoding\ascii.enc
   Compressing: C:\a\ML-DL-application\ML-DL-application\installer\..\dist\VNOCR\_internal\_tcl_data\encoding\big5.enc
   Compressing: C:\a\ML-DL-application\ML-DL-application\installer\..\dist\VNOCR\_internal\_tcl_data\encoding\cns11643.enc
   Compressing: C:\a\ML-DL-application\ML-DL-application\installer\..\dist\VNOCR\_internal\_tcl_data\encoding\cp1250.enc
   Compressing: C:\a\ML-DL-application\ML-DL-application\installer\..\dist\VNOCR\_internal\_tcl_data\encoding\cp1251.enc
   Compressing: C:\a\ML-DL-application\ML-DL-application\installer\..\dist\VNOCR\_internal\_tcl_data\encoding\cp1252.enc
   Compressing: C:\a\ML-DL-application\ML-DL-application\installer\..\dist\VNOCR\_internal\_tcl_data\encoding\cp1253.enc
   Compressing: C:\a\ML-DL-application\ML-DL-application\installer\..\dist\VNOCR\_internal\_tcl_data\encoding\cp1254.enc
   Compressing: C:\a\ML-DL-application\ML-DL-application\installer\..\dist\VNOCR\_internal\_tcl_data\encoding\cp1255.enc
   Compressing: C:\a\ML-DL-application\ML-DL-application\installer\..\dist\VNOCR\_internal\_tcl_data\encoding\cp1256.enc
   Compressing: C:\a\ML-DL-application\ML-DL-application\installer\..\dist\VNOCR\_internal\_tcl_data\encoding\cp1257.enc
   Compressing: C:\a\ML-DL-application\ML-DL-application\installer\..\dist\VNOCR\_internal\_tcl_data\encoding\cp1258.enc
   Compressing: C:\a\ML-DL-application\ML-DL-application\installer\..\dist\VNOCR\_internal\_tcl_data\encoding\cp437.enc
   Compressing: C:\a\ML-DL-application\ML-DL-application\installer\..\dist\VNOCR\_internal\_tcl_data\encoding\cp737.enc
   Compressing: C:\a\ML-DL-application\ML-DL-application\installer\..\dist\VNOCR\_internal\_tcl_data\encoding\cp775.enc
   Compressing: C:\a\ML-DL-application\ML-DL-application\installer\..\dist\VNOCR\_internal\_tcl_data\encoding\cp850.enc
   Compressing: C:\a\ML-DL-application\ML-DL-application\installer\..\dist\VNOCR\_internal\_tcl_data\encoding\cp852.enc
   Compressing: C:\a\ML-DL-application\ML-DL-application\installer\..\dist\VNOCR\_internal\_tcl_data\encoding\cp855.enc
   Compressing: C:\a\ML-DL-application\ML-DL-application\installer\..\dist\VNOCR\_internal\_tcl_data\encoding\cp857.enc
   Compressing: C:\a\ML-DL-application\ML-DL-application\installer\..\dist\VNOCR\_internal\_tcl_data\encoding\cp860.enc
   Compressing: C:\a\ML-DL-application\ML-DL-application\installer\..\dist\VNOCR\_internal\_tcl_data\encoding\cp861.enc
   Compressing: C:\a\ML-DL-application\ML-DL-application\installer\..\dist\VNOCR\_internal\_tcl_data\encoding\cp862.enc
   Compressing: C:\a\ML-DL-application\ML-DL-application\installer\..\dist\VNOCR\_internal\_tcl_data\encoding\cp863.enc
   Compressing: C:\a\ML-DL-application\ML-DL-application\installer\..\dist\VNOCR\_internal\_tcl_data\encoding\cp864.enc
   Compressing: C:\a\ML-DL-application\ML-DL-application\installer\..\dist\VNOCR\_internal\_tcl_data\encoding\cp865.enc
   Compressing: C:\a\ML-DL-application\ML-DL-application\installer\..\dist\VNOCR\_internal\_tcl_data\encoding\cp866.enc
   Compressing: C:\a\ML-DL-application\ML-DL-application\installer\..\dist\VNOCR\_internal\_tcl_data\encoding\cp869.enc
   Compressing: C:\a\ML-DL-application\ML-DL-application\installer\..\dist\VNOCR\_internal\_tcl_data\encoding\cp874.enc
   Compressing: C:\a\ML-DL-application\ML-DL-application\installer\..\dist\VNOCR\_internal\_tcl_data\encoding\cp932.enc
   Compressing: C:\a\ML-DL-application\ML-DL-application\installer\..\dist\VNOCR\_internal\_tcl_data\encoding\cp936.enc
   Compressing: C:\a\ML-DL-application\ML-DL-application\installer\..\dist\VNOCR\_internal\_tcl_data\encoding\cp949.enc
   Compressing: C:\a\ML-DL-application\ML-DL-application\installer\..\dist\VNOCR\_internal\_tcl_data\encoding\cp950.enc
   Compressing: C:\a\ML-DL-application\ML-DL-application\installer\..\dist\VNOCR\_internal\_tcl_data\encoding\dingbats.enc
   Compressing: C:\a\ML-DL-application\ML-DL-application\installer\..\dist\VNOCR\_internal\_tcl_data\encoding\ebcdic.enc
   Compressing: C:\a\ML-DL-application\ML-DL-application\installer\..\dist\VNOCR\_internal\_tcl_data\encoding\euc-cn.enc
   Compressing: C:\a\ML-DL-application\ML-DL-application\installer\..\dist\VNOCR\_internal\_tcl_data\encoding\euc-jp.enc
   Compressing: C:\a\ML-DL-application\ML-DL-application\installer\..\dist\VNOCR\_internal\_tcl_data\encoding\euc-kr.enc
   Compressing: C:\a\ML-DL-application\ML-DL-application\installer\..\dist\VNOCR\_internal\_tcl_data\encoding\gb12345.enc
   Compressing: C:\a\ML-DL-application\ML-DL-application\installer\..\dist\VNOCR\_internal\_tcl_data\encoding\gb1988.enc
   Compressing: C:\a\ML-DL-application\ML-DL-application\installer\..\dist\VNOCR\_internal\_tcl_data\encoding\gb2312-raw.enc
   Compressing: C:\a\ML-DL-application\ML-DL-application\installer\..\dist\VNOCR\_internal\_tcl_data\encoding\gb2312.enc
   Compressing: C:\a\ML-DL-application\ML-DL-application\installer\..\dist\VNOCR\_internal\_tcl_data\encoding\iso2022-jp.enc
   Compressing: C:\a\ML-DL-application\ML-DL-application\installer\..\dist\VNOCR\_internal\_tcl_data\encoding\iso2022-kr.enc
   Compressing: C:\a\ML-DL-application\ML-DL-application\installer\..\dist\VNOCR\_internal\_tcl_data\encoding\iso2022.enc
   Compressing: C:\a\ML-DL-application\ML-DL-application\installer\..\dist\VNOCR\_internal\_tcl_data\encoding\iso8859-1.enc
   Compressing: C:\a\ML-DL-application\ML-DL-application\installer\..\dist\VNOCR\_internal\_tcl_data\encoding\iso8859-10.enc
   Compressing: C:\a\ML-DL-application\ML-DL-application\installer\..\dist\VNOCR\_internal\_tcl_data\encoding\iso8859-11.enc
   Compressing: C:\a\ML-DL-application\ML-DL-application\installer\..\dist\VNOCR\_internal\_tcl_data\encoding\iso8859-13.enc
   Compressing: C:\a\ML-DL-application\ML-DL-application\installer\..\dist\VNOCR\_internal\_tcl_data\encoding\iso8859-14.enc
   Compressing: C:\a\ML-DL-application\ML-DL-application\installer\..\dist\VNOCR\_internal\_tcl_data\encoding\iso8859-15.enc
   Compressing: C:\a\ML-DL-application\ML-DL-application\installer\..\dist\VNOCR\_internal\_tcl_data\encoding\iso8859-16.enc
   Compressing: C:\a\ML-DL-application\ML-DL-application\installer\..\dist\VNOCR\_internal\_tcl_data\encoding\iso8859-2.enc
   Compressing: C:\a\ML-DL-application\ML-DL-application\installer\..\dist\VNOCR\_internal\_tcl_data\encoding\iso8859-3.enc
   Compressing: C:\a\ML-DL-application\ML-DL-application\installer\..\dist\VNOCR\_internal\_tcl_data\encoding\iso8859-4.enc
   Compressing: C:\a\ML-DL-application\ML-DL-application\installer\..\dist\VNOCR\_internal\_tcl_data\encoding\iso8859-5.enc
   Compressing: C:\a\ML-DL-application\ML-DL-application\installer\..\dist\VNOCR\_internal\_tcl_data\encoding\iso8859-6.enc
   Compressing: C:\a\ML-DL-application\ML-DL-application\installer\..\dist\VNOCR\_internal\_tcl_data\encoding\iso8859-7.enc
   Compressing: C:\a\ML-DL-application\ML-DL-application\installer\..\dist\VNOCR\_internal\_tcl_data\encoding\iso8859-8.enc
   Compressing: C:\a\ML-DL-application\ML-DL-application\installer\..\dist\VNOCR\_internal\_tcl_data\encoding\iso8859-9.enc
   Compressing: C:\a\ML-DL-application\ML-DL-application\installer\..\dist\VNOCR\_internal\_tcl_data\encoding\jis0201.enc
   Compressing: C:\a\ML-DL-application\ML-DL-application\installer\..\dist\VNOCR\_internal\_tcl_data\encoding\jis0208.enc
   Compressing: C:\a\ML-DL-application\ML-DL-application\installer\..\dist\VNOCR\_internal\_tcl_data\encoding\jis0212.enc
   Compressing: C:\a\ML-DL-application\ML-DL-application\installer\..\dist\VNOCR\_internal\_tcl_data\encoding\koi8-r.enc
   Compressing: C:\a\ML-DL-application\ML-DL-application\installer\..\dist\VNOCR\_internal\_tcl_data\encoding\koi8-ru.enc
   Compressing: C:\a\ML-DL-application\ML-DL-application\installer\..\dist\VNOCR\_internal\_tcl_data\encoding\koi8-t.enc
   Compressing: C:\a\ML-DL-application\ML-DL-application\installer\..\dist\VNOCR\_internal\_tcl_data\encoding\koi8-u.enc
   Compressing: C:\a\ML-DL-application\ML-DL-application\installer\..\dist\VNOCR\_internal\_tcl_data\encoding\ksc5601.enc
   Compressing: C:\a\ML-DL-application\ML-DL-application\installer\..\dist\VNOCR\_internal\_tcl_data\encoding\macCentEuro.enc
   Compressing: C:\a\ML-DL-application\ML-DL-application\installer\..\dist\VNOCR\_internal\_tcl_data\encoding\macCroatian.enc
   Compressing: C:\a\ML-DL-application\ML-DL-application\installer\..\dist\VNOCR\_internal\_tcl_data\encoding\macCyrillic.enc
   Compressing: C:\a\ML-DL-application\ML-DL-application\installer\..\dist\VNOCR\_internal\_tcl_data\encoding\macDingbats.enc
   Compressing: C:\a\ML-DL-application\ML-DL-application\installer\..\dist\VNOCR\_internal\_tcl_data\encoding\macGreek.enc
   Compressing: C:\a\ML-DL-application\ML-DL-application\installer\..\dist\VNOCR\_internal\_tcl_data\encoding\macIceland.enc
   Compressing: C:\a\ML-DL-application\ML-DL-application\installer\..\dist\VNOCR\_internal\_tcl_data\encoding\macJapan.enc
   Compressing: C:\a\ML-DL-application\ML-DL-application\installer\..\dist\VNOCR\_internal\_tcl_data\encoding\macRoman.enc
   Compressing: C:\a\ML-DL-application\ML-DL-application\installer\..\dist\VNOCR\_internal\_tcl_data\encoding\macRomania.enc
   Compressing: C:\a\ML-DL-application\ML-DL-application\installer\..\dist\VNOCR\_internal\_tcl_data\encoding\macThai.enc
   Compressing: C:\a\ML-DL-application\ML-DL-application\installer\..\dist\VNOCR\_internal\_tcl_data\encoding\macTurkish.enc
   Compressing: C:\a\ML-DL-application\ML-DL-application\installer\..\dist\VNOCR\_internal\_tcl_data\encoding\macUkraine.enc
   Compressing: C:\a\ML-DL-application\ML-DL-application\installer\..\dist\VNOCR\_internal\_tcl_data\encoding\shiftjis.enc
   Compressing: C:\a\ML-DL-application\ML-DL-application\installer\..\dist\VNOCR\_internal\_tcl_data\encoding\symbol.enc
   Compressing: C:\a\ML-DL-application\ML-DL-application\installer\..\dist\VNOCR\_internal\_tcl_data\encoding\tis-620.enc
   Compressing: C:\a\ML-DL-application\ML-DL-application\installer\..\dist\VNOCR\_internal\_tcl_data\http1.0\http.tcl
   Compressing: C:\a\ML-DL-application\ML-DL-application\installer\..\dist\VNOCR\_internal\_tcl_data\http1.0\pkgIndex.tcl
   Compressing: C:\a\ML-DL-application\ML-DL-application\installer\..\dist\VNOCR\_internal\_tcl_data\msgs\af.msg
   Compressing: C:\a\ML-DL-application\ML-DL-application\installer\..\dist\VNOCR\_internal\_tcl_data\msgs\af_za.msg
   Compressing: C:\a\ML-DL-application\ML-DL-application\installer\..\dist\VNOCR\_internal\_tcl_data\msgs\ar.msg
   Compressing: C:\a\ML-DL-application\ML-DL-application\installer\..\dist\VNOCR\_internal\_tcl_data\msgs\ar_in.msg
   Compressing: C:\a\ML-DL-application\ML-DL-application\installer\..\dist\VNOCR\_internal\_tcl_data\msgs\ar_jo.msg
   Compressing: C:\a\ML-DL-application\ML-DL-application\installer\..\dist\VNOCR\_internal\_tcl_data\msgs\ar_lb.msg
   Compressing: C:\a\ML-DL-application\ML-DL-application\installer\..\dist\VNOCR\_internal\_tcl_data\msgs\ar_sy.msg
   Compressing: C:\a\ML-DL-application\ML-DL-application\installer\..\dist\VNOCR\_internal\_tcl_data\msgs\be.msg
   Compressing: C:\a\ML-DL-application\ML-DL-application\installer\..\dist\VNOCR\_internal\_tcl_data\msgs\bg.msg
   Compressing: C:\a\ML-DL-application\ML-DL-application\installer\..\dist\VNOCR\_internal\_tcl_data\msgs\bn.msg
   Compressing: C:\a\ML-DL-application\ML-DL-application\installer\..\dist\VNOCR\_internal\_tcl_data\msgs\bn_in.msg
   Compressing: C:\a\ML-DL-application\ML-DL-application\installer\..\dist\VNOCR\_internal\_tcl_data\msgs\ca.msg
   Compressing: C:\a\ML-DL-application\ML-DL-application\installer\..\dist\VNOCR\_internal\_tcl_data\msgs\cs.msg
   Compressing: C:\a\ML-DL-application\ML-DL-application\installer\..\dist\VNOCR\_internal\_tcl_data\msgs\da.msg
   Compressing: C:\a\ML-DL-application\ML-DL-application\installer\..\dist\VNOCR\_internal\_tcl_data\msgs\de.msg
   Compressing: C:\a\ML-DL-application\ML-DL-application\installer\..\dist\VNOCR\_internal\_tcl_data\msgs\de_at.msg
   Compressing: C:\a\ML-DL-application\ML-DL-application\installer\..\dist\VNOCR\_internal\_tcl_data\msgs\de_be.msg
   Compressing: C:\a\ML-DL-application\ML-DL-application\installer\..\dist\VNOCR\_internal\_tcl_data\msgs\el.msg
   Compressing: C:\a\ML-DL-application\ML-DL-application\installer\..\dist\VNOCR\_internal\_tcl_data\msgs\en_au.msg
   Compressing: C:\a\ML-DL-application\ML-DL-application\installer\..\dist\VNOCR\_internal\_tcl_data\msgs\en_be.msg
   Compressing: C:\a\ML-DL-application\ML-DL-application\installer\..\dist\VNOCR\_internal\_tcl_data\msgs\en_bw.msg
   Compressing: C:\a\ML-DL-application\ML-DL-application\installer\..\dist\VNOCR\_internal\_tcl_data\msgs\en_ca.msg
   Compressing: C:\a\ML-DL-application\ML-DL-application\installer\..\dist\VNOCR\_internal\_tcl_data\msgs\en_gb.msg
   Compressing: C:\a\ML-DL-application\ML-DL-application\installer\..\dist\VNOCR\_internal\_tcl_data\msgs\en_hk.msg
   Compressing: C:\a\ML-DL-application\ML-DL-application\installer\..\dist\VNOCR\_internal\_tcl_data\msgs\en_ie.msg
   Compressing: C:\a\ML-DL-application\ML-DL-application\installer\..\dist\VNOCR\_internal\_tcl_data\msgs\en_in.msg
   Compressing: C:\a\ML-DL-application\ML-DL-application\installer\..\dist\VNOCR\_internal\_tcl_data\msgs\en_nz.msg
   Compressing: C:\a\ML-DL-application\ML-DL-application\installer\..\dist\VNOCR\_internal\_tcl_data\msgs\en_ph.msg
   Compressing: C:\a\ML-DL-application\ML-DL-application\installer\..\dist\VNOCR\_internal\_tcl_data\msgs\en_sg.msg
   Compressing: C:\a\ML-DL-application\ML-DL-application\installer\..\dist\VNOCR\_internal\_tcl_data\msgs\en_za.msg
   Compressing: C:\a\ML-DL-application\ML-DL-application\installer\..\dist\VNOCR\_internal\_tcl_data\msgs\en_zw.msg
   Compressing: C:\a\ML-DL-application\ML-DL-application\installer\..\dist\VNOCR\_internal\_tcl_data\msgs\eo.msg
   Compressing: C:\a\ML-DL-application\ML-DL-application\installer\..\dist\VNOCR\_internal\_tcl_data\msgs\es.msg
   Compressing: C:\a\ML-DL-application\ML-DL-application\installer\..\dist\VNOCR\_internal\_tcl_data\msgs\es_ar.msg
   Compressing: C:\a\ML-DL-application\ML-DL-application\installer\..\dist\VNOCR\_internal\_tcl_data\msgs\es_bo.msg
   Compressing: C:\a\ML-DL-application\ML-DL-application\installer\..\dist\VNOCR\_internal\_tcl_data\msgs\es_cl.msg
   Compressing: C:\a\ML-DL-application\ML-DL-application\installer\..\dist\VNOCR\_internal\_tcl_data\msgs\es_co.msg
   Compressing: C:\a\ML-DL-application\ML-DL-application\installer\..\dist\VNOCR\_internal\_tcl_data\msgs\es_cr.msg
   Compressing: C:\a\ML-DL-application\ML-DL-application\installer\..\dist\VNOCR\_internal\_tcl_data\msgs\es_do.msg
   Compressing: C:\a\ML-DL-application\ML-DL-application\installer\..\dist\VNOCR\_internal\_tcl_data\msgs\es_ec.msg
   Compressing: C:\a\ML-DL-application\ML-DL-application\installer\..\dist\VNOCR\_internal\_tcl_data\msgs\es_gt.msg
   Compressing: C:\a\ML-DL-application\ML-DL-application\installer\..\dist\VNOCR\_internal\_tcl_data\msgs\es_hn.msg
   Compressing: C:\a\ML-DL-application\ML-DL-application\installer\..\dist\VNOCR\_internal\_tcl_data\msgs\es_mx.msg
   Compressing: C:\a\ML-DL-application\ML-DL-application\installer\..\dist\VNOCR\_internal\_tcl_data\msgs\es_ni.msg
   Compressing: C:\a\ML-DL-application\ML-DL-application\installer\..\dist\VNOCR\_internal\_tcl_data\msgs\es_pa.msg
   Compressing: C:\a\ML-DL-application\ML-DL-application\installer\..\dist\VNOCR\_internal\_tcl_data\msgs\es_pe.msg
   Compressing: C:\a\ML-DL-application\ML-DL-application\installer\..\dist\VNOCR\_internal\_tcl_data\msgs\es_pr.msg
   Compressing: C:\a\ML-DL-application\ML-DL-application\installer\..\dist\VNOCR\_internal\_tcl_data\msgs\es_py.msg
   Compressing: C:\a\ML-DL-application\ML-DL-application\installer\..\dist\VNOCR\_internal\_tcl_data\msgs\es_sv.msg
   Compressing: C:\a\ML-DL-application\ML-DL-application\installer\..\dist\VNOCR\_internal\_tcl_data\msgs\es_uy.msg
   Compressing: C:\a\ML-DL-application\ML-DL-application\installer\..\dist\VNOCR\_internal\_tcl_data\msgs\es_ve.msg
   Compressing: C:\a\ML-DL-application\ML-DL-application\installer\..\dist\VNOCR\_internal\_tcl_data\msgs\et.msg
   Compressing: C:\a\ML-DL-application\ML-DL-application\installer\..\dist\VNOCR\_internal\_tcl_data\msgs\eu.msg
   Compressing: C:\a\ML-DL-application\ML-DL-application\installer\..\dist\VNOCR\_internal\_tcl_data\msgs\eu_es.msg
   Compressing: C:\a\ML-DL-application\ML-DL-application\installer\..\dist\VNOCR\_internal\_tcl_data\msgs\fa.msg
   Compressing: C:\a\ML-DL-application\ML-DL-application\installer\..\dist\VNOCR\_internal\_tcl_data\msgs\fa_in.msg
   Compressing: C:\a\ML-DL-application\ML-DL-application\installer\..\dist\VNOCR\_internal\_tcl_data\msgs\fa_ir.msg
   Compressing: C:\a\ML-DL-application\ML-DL-application\installer\..\dist\VNOCR\_internal\_tcl_data\msgs\fi.msg
   Compressing: C:\a\ML-DL-application\ML-DL-application\installer\..\dist\VNOCR\_internal\_tcl_data\msgs\fo.msg
   Compressing: C:\a\ML-DL-application\ML-DL-application\installer\..\dist\VNOCR\_internal\_tcl_data\msgs\fo_fo.msg
   Compressing: C:\a\ML-DL-application\ML-DL-application\installer\..\dist\VNOCR\_internal\_tcl_data\msgs\fr.msg
   Compressing: C:\a\ML-DL-application\ML-DL-application\installer\..\dist\VNOCR\_internal\_tcl_data\msgs\fr_be.msg
   Compressing: C:\a\ML-DL-application\ML-DL-application\installer\..\dist\VNOCR\_internal\_tcl_data\msgs\fr_ca.msg
   Compressing: C:\a\ML-DL-application\ML-DL-application\installer\..\dist\VNOCR\_internal\_tcl_data\msgs\fr_ch.msg
   Compressing: C:\a\ML-DL-application\ML-DL-application\installer\..\dist\VNOCR\_internal\_tcl_data\msgs\ga.msg
   Compressing: C:\a\ML-DL-application\ML-DL-application\installer\..\dist\VNOCR\_internal\_tcl_data\msgs\ga_ie.msg
   Compressing: C:\a\ML-DL-application\ML-DL-application\installer\..\dist\VNOCR\_internal\_tcl_data\msgs\gl.msg
   Compressing: C:\a\ML-DL-application\ML-DL-application\installer\..\dist\VNOCR\_internal\_tcl_data\msgs\gl_es.msg
   Compressing: C:\a\ML-DL-application\ML-DL-application\installer\..\dist\VNOCR\_internal\_tcl_data\msgs\gv.msg
   Compressing: C:\a\ML-DL-application\ML-DL-application\installer\..\dist\VNOCR\_internal\_tcl_data\msgs\gv_gb.msg
   Compressing: C:\a\ML-DL-application\ML-DL-application\installer\..\dist\VNOCR\_internal\_tcl_data\msgs\he.msg
   Compressing: C:\a\ML-DL-application\ML-DL-application\installer\..\dist\VNOCR\_internal\_tcl_data\msgs\hi.msg
   Compressing: C:\a\ML-DL-application\ML-DL-application\installer\..\dist\VNOCR\_internal\_tcl_data\msgs\hi_in.msg
   Compressing: C:\a\ML-DL-application\ML-DL-application\installer\..\dist\VNOCR\_internal\_tcl_data\msgs\hr.msg
   Compressing: C:\a\ML-DL-application\ML-DL-application\installer\..\dist\VNOCR\_internal\_tcl_data\msgs\hu.msg
   Compressing: C:\a\ML-DL-application\ML-DL-application\installer\..\dist\VNOCR\_internal\_tcl_data\msgs\id.msg
   Compressing: C:\a\ML-DL-application\ML-DL-application\installer\..\dist\VNOCR\_internal\_tcl_data\msgs\id_id.msg
   Compressing: C:\a\ML-DL-application\ML-DL-application\installer\..\dist\VNOCR\_internal\_tcl_data\msgs\is.msg
   Compressing: C:\a\ML-DL-application\ML-DL-application\installer\..\dist\VNOCR\_internal\_tcl_data\msgs\it.msg
   Compressing: C:\a\ML-DL-application\ML-DL-application\installer\..\dist\VNOCR\_internal\_tcl_data\msgs\it_ch.msg
   Compressing: C:\a\ML-DL-application\ML-DL-application\installer\..\dist\VNOCR\_internal\_tcl_data\msgs\ja.msg
   Compressing: C:\a\ML-DL-application\ML-DL-application\installer\..\dist\VNOCR\_internal\_tcl_data\msgs\kl.msg
   Compressing: C:\a\ML-DL-application\ML-DL-application\installer\..\dist\VNOCR\_internal\_tcl_data\msgs\kl_gl.msg
   Compressing: C:\a\ML-DL-application\ML-DL-application\installer\..\dist\VNOCR\_internal\_tcl_data\msgs\ko.msg
   Compressing: C:\a\ML-DL-application\ML-DL-application\installer\..\dist\VNOCR\_internal\_tcl_data\msgs\kok.msg
   Compressing: C:\a\ML-DL-application\ML-DL-application\installer\..\dist\VNOCR\_internal\_tcl_data\msgs\kok_in.msg
   Compressing: C:\a\ML-DL-application\ML-DL-application\installer\..\dist\VNOCR\_internal\_tcl_data\msgs\ko_kr.msg
   Compressing: C:\a\ML-DL-application\ML-DL-application\installer\..\dist\VNOCR\_internal\_tcl_data\msgs\kw.msg
   Compressing: C:\a\ML-DL-application\ML-DL-application\installer\..\dist\VNOCR\_internal\_tcl_data\msgs\kw_gb.msg
   Compressing: C:\a\ML-DL-application\ML-DL-application\installer\..\dist\VNOCR\_internal\_tcl_data\msgs\lt.msg
   Compressing: C:\a\ML-DL-application\ML-DL-application\installer\..\dist\VNOCR\_internal\_tcl_data\msgs\lv.msg
   Compressing: C:\a\ML-DL-application\ML-DL-application\installer\..\dist\VNOCR\_internal\_tcl_data\msgs\mk.msg
   Compressing: C:\a\ML-DL-application\ML-DL-application\installer\..\dist\VNOCR\_internal\_tcl_data\msgs\mr.msg
   Compressing: C:\a\ML-DL-application\ML-DL-application\installer\..\dist\VNOCR\_internal\_tcl_data\msgs\mr_in.msg
   Compressing: C:\a\ML-DL-application\ML-DL-application\installer\..\dist\VNOCR\_internal\_tcl_data\msgs\ms.msg
   Compressing: C:\a\ML-DL-application\ML-DL-application\installer\..\dist\VNOCR\_internal\_tcl_data\msgs\ms_my.msg
   Compressing: C:\a\ML-DL-application\ML-DL-application\installer\..\dist\VNOCR\_internal\_tcl_data\msgs\mt.msg
   Compressing: C:\a\ML-DL-application\ML-DL-application\installer\..\dist\VNOCR\_internal\_tcl_data\msgs\nb.msg
   Compressing: C:\a\ML-DL-application\ML-DL-application\installer\..\dist\VNOCR\_internal\_tcl_data\msgs\nl.msg
   Compressing: C:\a\ML-DL-application\ML-DL-application\installer\..\dist\VNOCR\_internal\_tcl_data\msgs\nl_be.msg
   Compressing: C:\a\ML-DL-application\ML-DL-application\installer\..\dist\VNOCR\_internal\_tcl_data\msgs\nn.msg
   Compressing: C:\a\ML-DL-application\ML-DL-application\installer\..\dist\VNOCR\_internal\_tcl_data\msgs\pl.msg
   Compressing: C:\a\ML-DL-application\ML-DL-application\installer\..\dist\VNOCR\_internal\_tcl_data\msgs\pt.msg
   Compressing: C:\a\ML-DL-application\ML-DL-application\installer\..\dist\VNOCR\_internal\_tcl_data\msgs\pt_br.msg
   Compressing: C:\a\ML-DL-application\ML-DL-application\installer\..\dist\VNOCR\_internal\_tcl_data\msgs\ro.msg
   Compressing: C:\a\ML-DL-application\ML-DL-application\installer\..\dist\VNOCR\_internal\_tcl_data\msgs\ru.msg
   Compressing: C:\a\ML-DL-application\ML-DL-application\installer\..\dist\VNOCR\_internal\_tcl_data\msgs\ru_ua.msg
   Compressing: C:\a\ML-DL-application\ML-DL-application\installer\..\dist\VNOCR\_internal\_tcl_data\msgs\sh.msg
   Compressing: C:\a\ML-DL-application\ML-DL-application\installer\..\dist\VNOCR\_internal\_tcl_data\msgs\sk.msg
   Compressing: C:\a\ML-DL-application\ML-DL-application\installer\..\dist\VNOCR\_internal\_tcl_data\msgs\sl.msg
   Compressing: C:\a\ML-DL-application\ML-DL-application\installer\..\dist\VNOCR\_internal\_tcl_data\msgs\sq.msg
   Compressing: C:\a\ML-DL-application\ML-DL-application\installer\..\dist\VNOCR\_internal\_tcl_data\msgs\sr.msg
   Compressing: C:\a\ML-DL-application\ML-DL-application\installer\..\dist\VNOCR\_internal\_tcl_data\msgs\sv.msg
   Compressing: C:\a\ML-DL-application\ML-DL-application\installer\..\dist\VNOCR\_internal\_tcl_data\msgs\sw.msg
   Compressing: C:\a\ML-DL-application\ML-DL-application\installer\..\dist\VNOCR\_internal\_tcl_data\msgs\ta.msg
   Compressing: C:\a\ML-DL-application\ML-DL-application\installer\..\dist\VNOCR\_internal\_tcl_data\msgs\ta_in.msg
   Compressing: C:\a\ML-DL-application\ML-DL-application\installer\..\dist\VNOCR\_internal\_tcl_data\msgs\te.msg
   Compressing: C:\a\ML-DL-application\ML-DL-application\installer\..\dist\VNOCR\_internal\_tcl_data\msgs\te_in.msg
   Compressing: C:\a\ML-DL-application\ML-DL-application\installer\..\dist\VNOCR\_internal\_tcl_data\msgs\th.msg
   Compressing: C:\a\ML-DL-application\ML-DL-application\installer\..\dist\VNOCR\_internal\_tcl_data\msgs\tr.msg
   Compressing: C:\a\ML-DL-application\ML-DL-application\installer\..\dist\VNOCR\_internal\_tcl_data\msgs\uk.msg
   Compressing: C:\a\ML-DL-application\ML-DL-application\installer\..\dist\VNOCR\_internal\_tcl_data\msgs\vi.msg
   Compressing: C:\a\ML-DL-application\ML-DL-application\installer\..\dist\VNOCR\_internal\_tcl_data\msgs\zh.msg
   Compressing: C:\a\ML-DL-application\ML-DL-application\installer\..\dist\VNOCR\_internal\_tcl_data\msgs\zh_cn.msg
   Compressing: C:\a\ML-DL-application\ML-DL-application\installer\..\dist\VNOCR\_internal\_tcl_data\msgs\zh_hk.msg
   Compressing: C:\a\ML-DL-application\ML-DL-application\installer\..\dist\VNOCR\_internal\_tcl_data\msgs\zh_sg.msg
   Compressing: C:\a\ML-DL-application\ML-DL-application\installer\..\dist\VNOCR\_internal\_tcl_data\msgs\zh_tw.msg
   Compressing: C:\a\ML-DL-application\ML-DL-application\installer\..\dist\VNOCR\_internal\_tcl_data\opt0.4\optparse.tcl
   Compressing: C:\a\ML-DL-application\ML-DL-application\installer\..\dist\VNOCR\_internal\_tcl_data\opt0.4\pkgIndex.tcl
   Compressing: C:\a\ML-DL-application\ML-DL-application\installer\..\dist\VNOCR\_internal\_tcl_data\tzdata\CET
   Compressing: C:\a\ML-DL-application\ML-DL-application\installer\..\dist\VNOCR\_internal\_tcl_data\tzdata\CST6CDT
   Compressing: C:\a\ML-DL-application\ML-DL-application\installer\..\dist\VNOCR\_internal\_tcl_data\tzdata\Cuba
   Compressing: C:\a\ML-DL-application\ML-DL-application\installer\..\dist\VNOCR\_internal\_tcl_data\tzdata\EET
   Compressing: C:\a\ML-DL-application\ML-DL-application\installer\..\dist\VNOCR\_internal\_tcl_data\tzdata\Egypt
   Compressing: C:\a\ML-DL-application\ML-DL-application\installer\..\dist\VNOCR\_internal\_tcl_data\tzdata\Eire
   Compressing: C:\a\ML-DL-application\ML-DL-application\installer\..\dist\VNOCR\_internal\_tcl_data\tzdata\EST
   Compressing: C:\a\ML-DL-application\ML-DL-application\installer\..\dist\VNOCR\_internal\_tcl_data\tzdata\EST5EDT
   Compressing: C:\a\ML-DL-application\ML-DL-application\installer\..\dist\VNOCR\_internal\_tcl_data\tzdata\GB
   Compressing: C:\a\ML-DL-application\ML-DL-application\installer\..\dist\VNOCR\_internal\_tcl_data\tzdata\GB-Eire
   Compressing: C:\a\ML-DL-application\ML-DL-application\installer\..\dist\VNOCR\_internal\_tcl_data\tzdata\GMT
   Compressing: C:\a\ML-DL-application\ML-DL-application\installer\..\dist\VNOCR\_internal\_tcl_data\tzdata\GMT+0
   Compressing: C:\a\ML-DL-application\ML-DL-application\installer\..\dist\VNOCR\_internal\_tcl_data\tzdata\GMT-0
   Compressing: C:\a\ML-DL-application\ML-DL-application\installer\..\dist\VNOCR\_internal\_tcl_data\tzdata\GMT0
   Compressing: C:\a\ML-DL-application\ML-DL-application\installer\..\dist\VNOCR\_internal\_tcl_data\tzdata\Greenwich
   Compressing: C:\a\ML-DL-application\ML-DL-application\installer\..\dist\VNOCR\_internal\_tcl_data\tzdata\Hongkong
   Compressing: C:\a\ML-DL-application\ML-DL-application\installer\..\dist\VNOCR\_internal\_tcl_data\tzdata\HST
   Compressing: C:\a\ML-DL-application\ML-DL-application\installer\..\dist\VNOCR\_internal\_tcl_data\tzdata\Iceland
   Compressing: C:\a\ML-DL-application\ML-DL-application\installer\..\dist\VNOCR\_internal\_tcl_data\tzdata\Iran
   Compressing: C:\a\ML-DL-application\ML-DL-application\installer\..\dist\VNOCR\_internal\_tcl_data\tzdata\Israel
   Compressing: C:\a\ML-DL-application\ML-DL-application\installer\..\dist\VNOCR\_internal\_tcl_data\tzdata\Jamaica
   Compressing: C:\a\ML-DL-application\ML-DL-application\installer\..\dist\VNOCR\_internal\_tcl_data\tzdata\Japan
   Compressing: C:\a\ML-DL-application\ML-DL-application\installer\..\dist\VNOCR\_internal\_tcl_data\tzdata\Kwajalein
   Compressing: C:\a\ML-DL-application\ML-DL-application\installer\..\dist\VNOCR\_internal\_tcl_data\tzdata\Libya
   Compressing: C:\a\ML-DL-application\ML-DL-application\installer\..\dist\VNOCR\_internal\_tcl_data\tzdata\MET
   Compressing: C:\a\ML-DL-application\ML-DL-application\installer\..\dist\VNOCR\_internal\_tcl_data\tzdata\MST
   Compressing: C:\a\ML-DL-application\ML-DL-application\installer\..\dist\VNOCR\_internal\_tcl_data\tzdata\MST7MDT
   Compressing: C:\a\ML-DL-application\ML-DL-application\installer\..\dist\VNOCR\_internal\_tcl_data\tzdata\Navajo
   Compressing: C:\a\ML-DL-application\ML-DL-application\installer\..\dist\VNOCR\_internal\_tcl_data\tzdata\NZ
   Compressing: C:\a\ML-DL-application\ML-DL-application\installer\..\dist\VNOCR\_internal\_tcl_data\tzdata\NZ-CHAT
   Compressing: C:\a\ML-DL-application\ML-DL-application\installer\..\dist\VNOCR\_internal\_tcl_data\tzdata\Poland
   Compressing: C:\a\ML-DL-application\ML-DL-application\installer\..\dist\VNOCR\_internal\_tcl_data\tzdata\Portugal
   Compressing: C:\a\ML-DL-application\ML-DL-application\installer\..\dist\VNOCR\_internal\_tcl_data\tzdata\PRC
   Compressing: C:\a\ML-DL-application\ML-DL-application\installer\..\dist\VNOCR\_internal\_tcl_data\tzdata\PST8PDT
   Compressing: C:\a\ML-DL-application\ML-DL-application\installer\..\dist\VNOCR\_internal\_tcl_data\tzdata\ROC
   Compressing: C:\a\ML-DL-application\ML-DL-application\installer\..\dist\VNOCR\_internal\_tcl_data\tzdata\ROK
   Compressing: C:\a\ML-DL-application\ML-DL-application\installer\..\dist\VNOCR\_internal\_tcl_data\tzdata\Singapore
   Compressing: C:\a\ML-DL-application\ML-DL-application\installer\..\dist\VNOCR\_internal\_tcl_data\tzdata\Turkey
   Compressing: C:\a\ML-DL-application\ML-DL-application\installer\..\dist\VNOCR\_internal\_tcl_data\tzdata\UCT
   Compressing: C:\a\ML-DL-application\ML-DL-application\installer\..\dist\VNOCR\_internal\_tcl_data\tzdata\Universal
   Compressing: C:\a\ML-DL-application\ML-DL-application\installer\..\dist\VNOCR\_internal\_tcl_data\tzdata\UTC
   Compressing: C:\a\ML-DL-application\ML-DL-application\installer\..\dist\VNOCR\_internal\_tcl_data\tzdata\W-SU
   Compressing: C:\a\ML-DL-application\ML-DL-application\installer\..\dist\VNOCR\_internal\_tcl_data\tzdata\WET
   Compressing: C:\a\ML-DL-application\ML-DL-application\installer\..\dist\VNOCR\_internal\_tcl_data\tzdata\Zulu
   Compressing: C:\a\ML-DL-application\ML-DL-application\installer\..\dist\VNOCR\_internal\_tcl_data\tzdata\Africa\Abidjan
   Compressing: C:\a\ML-DL-application\ML-DL-application\installer\..\dist\VNOCR\_internal\_tcl_data\tzdata\Africa\Accra
   Compressing: C:\a\ML-DL-application\ML-DL-application\installer\..\dist\VNOCR\_internal\_tcl_data\tzdata\Africa\Addis_Ababa
   Compressing: C:\a\ML-DL-application\ML-DL-application\installer\..\dist\VNOCR\_internal\_tcl_data\tzdata\Africa\Algiers
   Compressing: C:\a\ML-DL-application\ML-DL-application\installer\..\dist\VNOCR\_internal\_tcl_data\tzdata\Africa\Asmara
   Compressing: C:\a\ML-DL-application\ML-DL-application\installer\..\dist\VNOCR\_internal\_tcl_data\tzdata\Africa\Asmera
   Compressing: C:\a\ML-DL-application\ML-DL-application\installer\..\dist\VNOCR\_internal\_tcl_data\tzdata\Africa\Bamako
   Compressing: C:\a\ML-DL-application\ML-DL-application\installer\..\dist\VNOCR\_internal\_tcl_data\tzdata\Africa\Bangui
   Compressing: C:\a\ML-DL-application\ML-DL-application\installer\..\dist\VNOCR\_internal\_tcl_data\tzdata\Africa\Banjul
   Compressing: C:\a\ML-DL-application\ML-DL-application\installer\..\dist\VNOCR\_internal\_tcl_data\tzdata\Africa\Bissau
   Compressing: C:\a\ML-DL-application\ML-DL-application\installer\..\dist\VNOCR\_internal\_tcl_data\tzdata\Africa\Blantyre
   Compressing: C:\a\ML-DL-application\ML-DL-application\installer\..\dist\VNOCR\_internal\_tcl_data\tzdata\Africa\Brazzaville
   Compressing: C:\a\ML-DL-application\ML-DL-application\installer\..\dist\VNOCR\_internal\_tcl_data\tzdata\Africa\Bujumbura
   Compressing: C:\a\ML-DL-application\ML-DL-application\installer\..\dist\VNOCR\_internal\_tcl_data\tzdata\Africa\Cairo
   Compressing: C:\a\ML-DL-application\ML-DL-application\installer\..\dist\VNOCR\_internal\_tcl_data\tzdata\Africa\Casablanca
   Compressing: C:\a\ML-DL-application\ML-DL-application\installer\..\dist\VNOCR\_internal\_tcl_data\tzdata\Africa\Ceuta
   Compressing: C:\a\ML-DL-application\ML-DL-application\installer\..\dist\VNOCR\_internal\_tcl_data\tzdata\Africa\Conakry
   Compressing: C:\a\ML-DL-application\ML-DL-application\installer\..\dist\VNOCR\_internal\_tcl_data\tzdata\Africa\Dakar
   Compressing: C:\a\ML-DL-application\ML-DL-application\installer\..\dist\VNOCR\_internal\_tcl_data\tzdata\Africa\Dar_es_Salaam
   Compressing: C:\a\ML-DL-application\ML-DL-application\installer\..\dist\VNOCR\_internal\_tcl_data\tzdata\Africa\Djibouti
   Compressing: C:\a\ML-DL-application\ML-DL-application\installer\..\dist\VNOCR\_internal\_tcl_data\tzdata\Africa\Douala
   Compressing: C:\a\ML-DL-application\ML-DL-application\installer\..\dist\VNOCR\_internal\_tcl_data\tzdata\Africa\El_Aaiun
   Compressing: C:\a\ML-DL-application\ML-DL-application\installer\..\dist\VNOCR\_internal\_tcl_data\tzdata\Africa\Freetown
   Compressing: C:\a\ML-DL-application\ML-DL-application\installer\..\dist\VNOCR\_internal\_tcl_data\tzdata\Africa\Gaborone
   Compressing: C:\a\ML-DL-application\ML-DL-application\installer\..\dist\VNOCR\_internal\_tcl_data\tzdata\Africa\Harare
   Compressing: C:\a\ML-DL-application\ML-DL-application\installer\..\dist\VNOCR\_internal\_tcl_data\tzdata\Africa\Johannesburg
   Compressing: C:\a\ML-DL-application\ML-DL-application\installer\..\dist\VNOCR\_internal\_tcl_data\tzdata\Africa\Juba
   Compressing: C:\a\ML-DL-application\ML-DL-application\installer\..\dist\VNOCR\_internal\_tcl_data\tzdata\Africa\Kampala
   Compressing: C:\a\ML-DL-application\ML-DL-application\installer\..\dist\VNOCR\_internal\_tcl_data\tzdata\Africa\Khartoum
   Compressing: C:\a\ML-DL-application\ML-DL-application\installer\..\dist\VNOCR\_internal\_tcl_data\tzdata\Africa\Kigali
   Compressing: C:\a\ML-DL-application\ML-DL-application\installer\..\dist\VNOCR\_internal\_tcl_data\tzdata\Africa\Kinshasa
   Compressing: C:\a\ML-DL-application\ML-DL-application\installer\..\dist\VNOCR\_internal\_tcl_data\tzdata\Africa\Lagos
   Compressing: C:\a\ML-DL-application\ML-DL-application\installer\..\dist\VNOCR\_internal\_tcl_data\tzdata\Africa\Libreville
   Compressing: C:\a\ML-DL-application\ML-DL-application\installer\..\dist\VNOCR\_internal\_tcl_data\tzdata\Africa\Lome
   Compressing: C:\a\ML-DL-application\ML-DL-application\installer\..\dist\VNOCR\_internal\_tcl_data\tzdata\Africa\Luanda
   Compressing: C:\a\ML-DL-application\ML-DL-application\installer\..\dist\VNOCR\_internal\_tcl_data\tzdata\Africa\Lubumbashi
   Compressing: C:\a\ML-DL-application\ML-DL-application\installer\..\dist\VNOCR\_internal\_tcl_data\tzdata\Africa\Lusaka
   Compressing: C:\a\ML-DL-application\ML-DL-application\installer\..\dist\VNOCR\_internal\_tcl_data\tzdata\Africa\Malabo
   Compressing: C:\a\ML-DL-application\ML-DL-application\installer\..\dist\VNOCR\_internal\_tcl_data\tzdata\Africa\Maputo
   Compressing: C:\a\ML-DL-application\ML-DL-application\installer\..\dist\VNOCR\_internal\_tcl_data\tzdata\Africa\Maseru
   Compressing: C:\a\ML-DL-application\ML-DL-application\installer\..\dist\VNOCR\_internal\_tcl_data\tzdata\Africa\Mbabane
   Compressing: C:\a\ML-DL-application\ML-DL-application\installer\..\dist\VNOCR\_internal\_tcl_data\tzdata\Africa\Mogadishu
   Compressing: C:\a\ML-DL-application\ML-DL-application\installer\..\dist\VNOCR\_internal\_tcl_data\tzdata\Africa\Monrovia
   Compressing: C:\a\ML-DL-application\ML-DL-application\installer\..\dist\VNOCR\_internal\_tcl_data\tzdata\Africa\Nairobi
   Compressing: C:\a\ML-DL-application\ML-DL-application\installer\..\dist\VNOCR\_internal\_tcl_data\tzdata\Africa\Ndjamena
   Compressing: C:\a\ML-DL-application\ML-DL-application\installer\..\dist\VNOCR\_internal\_tcl_data\tzdata\Africa\Niamey
   Compressing: C:\a\ML-DL-application\ML-DL-application\installer\..\dist\VNOCR\_internal\_tcl_data\tzdata\Africa\Nouakchott
   Compressing: C:\a\ML-DL-application\ML-DL-application\installer\..\dist\VNOCR\_internal\_tcl_data\tzdata\Africa\Ouagadougou
   Compressing: C:\a\ML-DL-application\ML-DL-application\installer\..\dist\VNOCR\_internal\_tcl_data\tzdata\Africa\Porto-Novo
   Compressing: C:\a\ML-DL-application\ML-DL-application\installer\..\dist\VNOCR\_internal\_tcl_data\tzdata\Africa\Sao_Tome
   Compressing: C:\a\ML-DL-application\ML-DL-application\installer\..\dist\VNOCR\_internal\_tcl_data\tzdata\Africa\Timbuktu
   Compressing: C:\a\ML-DL-application\ML-DL-application\installer\..\dist\VNOCR\_internal\_tcl_data\tzdata\Africa\Tripoli
   Compressing: C:\a\ML-DL-application\ML-DL-application\installer\..\dist\VNOCR\_internal\_tcl_data\tzdata\Africa\Tunis
   Compressing: C:\a\ML-DL-application\ML-DL-application\installer\..\dist\VNOCR\_internal\_tcl_data\tzdata\Africa\Windhoek
   Compressing: C:\a\ML-DL-application\ML-DL-application\installer\..\dist\VNOCR\_internal\_tcl_data\tzdata\America\Adak
   Compressing: C:\a\ML-DL-application\ML-DL-application\installer\..\dist\VNOCR\_internal\_tcl_data\tzdata\America\Anchorage
   Compressing: C:\a\ML-DL-application\ML-DL-application\installer\..\dist\VNOCR\_internal\_tcl_data\tzdata\America\Anguilla
   Compressing: C:\a\ML-DL-application\ML-DL-application\installer\..\dist\VNOCR\_internal\_tcl_data\tzdata\America\Antigua
   Compressing: C:\a\ML-DL-application\ML-DL-application\installer\..\dist\VNOCR\_internal\_tcl_data\tzdata\America\Araguaina
   Compressing: C:\a\ML-DL-application\ML-DL-application\installer\..\dist\VNOCR\_internal\_tcl_data\tzdata\America\Aruba
   Compressing: C:\a\ML-DL-application\ML-DL-application\installer\..\dist\VNOCR\_internal\_tcl_data\tzdata\America\Asuncion
   Compressing: C:\a\ML-DL-application\ML-DL-application\installer\..\dist\VNOCR\_internal\_tcl_data\tzdata\America\Atikokan
   Compressing: C:\a\ML-DL-application\ML-DL-application\installer\..\dist\VNOCR\_internal\_tcl_data\tzdata\America\Atka
   Compressing: C:\a\ML-DL-application\ML-DL-application\installer\..\dist\VNOCR\_internal\_tcl_data\tzdata\America\Bahia
   Compressing: C:\a\ML-DL-application\ML-DL-application\installer\..\dist\VNOCR\_internal\_tcl_data\tzdata\America\Bahia_Banderas
   Compressing: C:\a\ML-DL-application\ML-DL-application\installer\..\dist\VNOCR\_internal\_tcl_data\tzdata\America\Barbados
   Compressing: C:\a\ML-DL-application\ML-DL-application\installer\..\dist\VNOCR\_internal\_tcl_data\tzdata\America\Belem
   Compressing: C:\a\ML-DL-application\ML-DL-application\installer\..\dist\VNOCR\_internal\_tcl_data\tzdata\America\Belize
   Compressing: C:\a\ML-DL-application\ML-DL-application\installer\..\dist\VNOCR\_internal\_tcl_data\tzdata\America\Blanc-Sablon
   Compressing: C:\a\ML-DL-application\ML-DL-application\installer\..\dist\VNOCR\_internal\_tcl_data\tzdata\America\Boa_Vista
   Compressing: C:\a\ML-DL-application\ML-DL-application\installer\..\dist\VNOCR\_internal\_tcl_data\tzdata\America\Bogota
   Compressing: C:\a\ML-DL-application\ML-DL-application\installer\..\dist\VNOCR\_internal\_tcl_data\tzdata\America\Boise
   Compressing: C:\a\ML-DL-application\ML-DL-application\installer\..\dist\VNOCR\_internal\_tcl_data\tzdata\America\Buenos_Aires
   Compressing: C:\a\ML-DL-application\ML-DL-application\installer\..\dist\VNOCR\_internal\_tcl_data\tzdata\America\Cambridge_Bay
   Compressing: C:\a\ML-DL-application\ML-DL-application\installer\..\dist\VNOCR\_internal\_tcl_data\tzdata\America\Campo_Grande
   Compressing: C:\a\ML-DL-application\ML-DL-application\installer\..\dist\VNOCR\_internal\_tcl_data\tzdata\America\Cancun
   Compressing: C:\a\ML-DL-application\ML-DL-application\installer\..\dist\VNOCR\_internal\_tcl_data\tzdata\America\Caracas
   Compressing: C:\a\ML-DL-application\ML-DL-application\installer\..\dist\VNOCR\_internal\_tcl_data\tzdata\America\Catamarca
   Compressing: C:\a\ML-DL-application\ML-DL-application\installer\..\dist\VNOCR\_internal\_tcl_data\tzdata\America\Cayenne
   Compressing: C:\a\ML-DL-application\ML-DL-application\installer\..\dist\VNOCR\_internal\_tcl_data\tzdata\America\Cayman
   Compressing: C:\a\ML-DL-application\ML-DL-application\installer\..\dist\VNOCR\_internal\_tcl_data\tzdata\America\Chicago
   Compressing: C:\a\ML-DL-application\ML-DL-application\installer\..\dist\VNOCR\_internal\_tcl_data\tzdata\America\Chihuahua
   Compressing: C:\a\ML-DL-application\ML-DL-application\installer\..\dist\VNOCR\_internal\_tcl_data\tzdata\America\Ciudad_Juarez
   Compressing: C:\a\ML-DL-application\ML-DL-application\installer\..\dist\VNOCR\_internal\_tcl_data\tzdata\America\Coral_Harbour
   Compressing: C:\a\ML-DL-application\ML-DL-application\installer\..\dist\VNOCR\_internal\_tcl_data\tzdata\America\Cordoba
   Compressing: C:\a\ML-DL-application\ML-DL-application\installer\..\dist\VNOCR\_internal\_tcl_data\tzdata\America\Costa_Rica
   Compressing: C:\a\ML-DL-application\ML-DL-application\installer\..\dist\VNOCR\_internal\_tcl_data\tzdata\America\Creston
   Compressing: C:\a\ML-DL-application\ML-DL-application\installer\..\dist\VNOCR\_internal\_tcl_data\tzdata\America\Cuiaba
   Compressing: C:\a\ML-DL-application\ML-DL-application\installer\..\dist\VNOCR\_internal\_tcl_data\tzdata\America\Curacao
   Compressing: C:\a\ML-DL-application\ML-DL-application\installer\..\dist\VNOCR\_internal\_tcl_data\tzdata\America\Danmarkshavn
   Compressing: C:\a\ML-DL-application\ML-DL-application\installer\..\dist\VNOCR\_internal\_tcl_data\tzdata\America\Dawson
   Compressing: C:\a\ML-DL-application\ML-DL-application\installer\..\dist\VNOCR\_internal\_tcl_data\tzdata\America\Dawson_Creek
   Compressing: C:\a\ML-DL-application\ML-DL-application\installer\..\dist\VNOCR\_internal\_tcl_data\tzdata\America\Denver
   Compressing: C:\a\ML-DL-application\ML-DL-application\installer\..\dist\VNOCR\_internal\_tcl_data\tzdata\America\Detroit
   Compressing: C:\a\ML-DL-application\ML-DL-application\installer\..\dist\VNOCR\_internal\_tcl_data\tzdata\America\Dominica
   Compressing: C:\a\ML-DL-application\ML-DL-application\installer\..\dist\VNOCR\_internal\_tcl_data\tzdata\America\Edmonton
   Compressing: C:\a\ML-DL-application\ML-DL-application\installer\..\dist\VNOCR\_internal\_tcl_data\tzdata\America\Eirunepe
   Compressing: C:\a\ML-DL-application\ML-DL-application\installer\..\dist\VNOCR\_internal\_tcl_data\tzdata\America\El_Salvador
   Compressing: C:\a\ML-DL-application\ML-DL-application\installer\..\dist\VNOCR\_internal\_tcl_data\tzdata\America\Ensenada
   Compressing: C:\a\ML-DL-application\ML-DL-application\installer\..\dist\VNOCR\_internal\_tcl_data\tzdata\America\Fortaleza
   Compressing: C:\a\ML-DL-application\ML-DL-application\installer\..\dist\VNOCR\_internal\_tcl_data\tzdata\America\Fort_Nelson
   Compressing: C:\a\ML-DL-application\ML-DL-application\installer\..\dist\VNOCR\_internal\_tcl_data\tzdata\America\Fort_Wayne
   Compressing: C:\a\ML-DL-application\ML-DL-application\installer\..\dist\VNOCR\_internal\_tcl_data\tzdata\America\Glace_Bay
   Compressing: C:\a\ML-DL-application\ML-DL-application\installer\..\dist\VNOCR\_internal\_tcl_data\tzdata\America\Godthab
   Compressing: C:\a\ML-DL-application\ML-DL-application\installer\..\dist\VNOCR\_internal\_tcl_data\tzdata\America\Goose_Bay
   Compressing: C:\a\ML-DL-application\ML-DL-application\installer\..\dist\VNOCR\_internal\_tcl_data\tzdata\America\Grand_Turk
   Compressing: C:\a\ML-DL-application\ML-DL-application\installer\..\dist\VNOCR\_internal\_tcl_data\tzdata\America\Grenada
   Compressing: C:\a\ML-DL-application\ML-DL-application\installer\..\dist\VNOCR\_internal\_tcl_data\tzdata\America\Guadeloupe
   Compressing: C:\a\ML-DL-application\ML-DL-application\installer\..\dist\VNOCR\_internal\_tcl_data\tzdata\America\Guatemala
   Compressing: C:\a\ML-DL-application\ML-DL-application\installer\..\dist\VNOCR\_internal\_tcl_data\tzdata\America\Guayaquil
   Compressing: C:\a\ML-DL-application\ML-DL-application\installer\..\dist\VNOCR\_internal\_tcl_data\tzdata\America\Guyana
   Compressing: C:\a\ML-DL-application\ML-DL-application\installer\..\dist\VNOCR\_internal\_tcl_data\tzdata\America\Halifax
   Compressing: C:\a\ML-DL-application\ML-DL-application\installer\..\dist\VNOCR\_internal\_tcl_data\tzdata\America\Havana
   Compressing: C:\a\ML-DL-application\ML-DL-application\installer\..\dist\VNOCR\_internal\_tcl_data\tzdata\America\Hermosillo
   Compressing: C:\a\ML-DL-application\ML-DL-application\installer\..\dist\VNOCR\_internal\_tcl_data\tzdata\America\Indianapolis
   Compressing: C:\a\ML-DL-application\ML-DL-application\installer\..\dist\VNOCR\_internal\_tcl_data\tzdata\America\Inuvik
   Compressing: C:\a\ML-DL-application\ML-DL-application\installer\..\dist\VNOCR\_internal\_tcl_data\tzdata\America\Iqaluit
   Compressing: C:\a\ML-DL-application\ML-DL-application\installer\..\dist\VNOCR\_internal\_tcl_data\tzdata\America\Jamaica
   Compressing: C:\a\ML-DL-application\ML-DL-application\installer\..\dist\VNOCR\_internal\_tcl_data\tzdata\America\Jujuy
   Compressing: C:\a\ML-DL-application\ML-DL-application\installer\..\dist\VNOCR\_internal\_tcl_data\tzdata\America\Juneau
   Compressing: C:\a\ML-DL-application\ML-DL-application\installer\..\dist\VNOCR\_internal\_tcl_data\tzdata\America\Knox_IN
   Compressing: C:\a\ML-DL-application\ML-DL-application\installer\..\dist\VNOCR\_internal\_tcl_data\tzdata\America\Kralendijk
   Compressing: C:\a\ML-DL-application\ML-DL-application\installer\..\dist\VNOCR\_internal\_tcl_data\tzdata\America\La_Paz
   Compressing: C:\a\ML-DL-application\ML-DL-application\installer\..\dist\VNOCR\_internal\_tcl_data\tzdata\America\Lima
   Compressing: C:\a\ML-DL-application\ML-DL-application\installer\..\dist\VNOCR\_internal\_tcl_data\tzdata\America\Los_Angeles
   Compressing: C:\a\ML-DL-application\ML-DL-application\installer\..\dist\VNOCR\_internal\_tcl_data\tzdata\America\Louisville
   Compressing: C:\a\ML-DL-application\ML-DL-application\installer\..\dist\VNOCR\_internal\_tcl_data\tzdata\America\Lower_Princes
   Compressing: C:\a\ML-DL-application\ML-DL-application\installer\..\dist\VNOCR\_internal\_tcl_data\tzdata\America\Maceio
   Compressing: C:\a\ML-DL-application\ML-DL-application\installer\..\dist\VNOCR\_internal\_tcl_data\tzdata\America\Managua
   Compressing: C:\a\ML-DL-application\ML-DL-application\installer\..\dist\VNOCR\_internal\_tcl_data\tzdata\America\Manaus
   Compressing: C:\a\ML-DL-application\ML-DL-application\installer\..\dist\VNOCR\_internal\_tcl_data\tzdata\America\Marigot
   Compressing: C:\a\ML-DL-application\ML-DL-application\installer\..\dist\VNOCR\_internal\_tcl_data\tzdata\America\Martinique
   Compressing: C:\a\ML-DL-application\ML-DL-application\installer\..\dist\VNOCR\_internal\_tcl_data\tzdata\America\Matamoros
   Compressing: C:\a\ML-DL-application\ML-DL-application\installer\..\dist\VNOCR\_internal\_tcl_data\tzdata\America\Mazatlan
   Compressing: C:\a\ML-DL-application\ML-DL-application\installer\..\dist\VNOCR\_internal\_tcl_data\tzdata\America\Mendoza
   Compressing: C:\a\ML-DL-application\ML-DL-application\installer\..\dist\VNOCR\_internal\_tcl_data\tzdata\America\Menominee
   Compressing: C:\a\ML-DL-application\ML-DL-application\installer\..\dist\VNOCR\_internal\_tcl_data\tzdata\America\Merida
   Compressing: C:\a\ML-DL-application\ML-DL-application\installer\..\dist\VNOCR\_internal\_tcl_data\tzdata\America\Metlakatla
   Compressing: C:\a\ML-DL-application\ML-DL-application\installer\..\dist\VNOCR\_internal\_tcl_data\tzdata\America\Mexico_City
   Compressing: C:\a\ML-DL-application\ML-DL-application\installer\..\dist\VNOCR\_internal\_tcl_data\tzdata\America\Miquelon
   Compressing: C:\a\ML-DL-application\ML-DL-application\installer\..\dist\VNOCR\_internal\_tcl_data\tzdata\America\Moncton
   Compressing: C:\a\ML-DL-application\ML-DL-application\installer\..\dist\VNOCR\_internal\_tcl_data\tzdata\America\Monterrey
   Compressing: C:\a\ML-DL-application\ML-DL-application\installer\..\dist\VNOCR\_internal\_tcl_data\tzdata\America\Montevideo
   Compressing: C:\a\ML-DL-application\ML-DL-application\installer\..\dist\VNOCR\_internal\_tcl_data\tzdata\America\Montreal
   Compressing: C:\a\ML-DL-application\ML-DL-application\installer\..\dist\VNOCR\_internal\_tcl_data\tzdata\America\Montserrat
   Compressing: C:\a\ML-DL-application\ML-DL-application\installer\..\dist\VNOCR\_internal\_tcl_data\tzdata\America\Nassau
   Compressing: C:\a\ML-DL-application\ML-DL-application\installer\..\dist\VNOCR\_internal\_tcl_data\tzdata\America\New_York
   Compressing: C:\a\ML-DL-application\ML-DL-application\installer\..\dist\VNOCR\_internal\_tcl_data\tzdata\America\Nipigon
   Compressing: C:\a\ML-DL-application\ML-DL-application\installer\..\dist\VNOCR\_internal\_tcl_data\tzdata\America\Nome
   Compressing: C:\a\ML-DL-application\ML-DL-application\installer\..\dist\VNOCR\_internal\_tcl_data\tzdata\America\Noronha
   Compressing: C:\a\ML-DL-application\ML-DL-application\installer\..\dist\VNOCR\_internal\_tcl_data\tzdata\America\Nuuk
   Compressing: C:\a\ML-DL-application\ML-DL-application\installer\..\dist\VNOCR\_internal\_tcl_data\tzdata\America\Ojinaga
   Compressing: C:\a\ML-DL-application\ML-DL-application\installer\..\dist\VNOCR\_internal\_tcl_data\tzdata\America\Panama
   Compressing: C:\a\ML-DL-application\ML-DL-application\installer\..\dist\VNOCR\_internal\_tcl_data\tzdata\America\Pangnirtung
   Compressing: C:\a\ML-DL-application\ML-DL-application\installer\..\dist\VNOCR\_internal\_tcl_data\tzdata\America\Paramaribo
   Compressing: C:\a\ML-DL-application\ML-DL-application\installer\..\dist\VNOCR\_internal\_tcl_data\tzdata\America\Phoenix
   Compressing: C:\a\ML-DL-application\ML-DL-application\installer\..\dist\VNOCR\_internal\_tcl_data\tzdata\America\Port-au-Prince
   Compressing: C:\a\ML-DL-application\ML-DL-application\installer\..\dist\VNOCR\_internal\_tcl_data\tzdata\America\Porto_Acre
   Compressing: C:\a\ML-DL-application\ML-DL-application\installer\..\dist\VNOCR\_internal\_tcl_data\tzdata\America\Porto_Velho
   Compressing: C:\a\ML-DL-application\ML-DL-application\installer\..\dist\VNOCR\_internal\_tcl_data\tzdata\America\Port_of_Spain
   Compressing: C:\a\ML-DL-application\ML-DL-application\installer\..\dist\VNOCR\_internal\_tcl_data\tzdata\America\Puerto_Rico
   Compressing: C:\a\ML-DL-application\ML-DL-application\installer\..\dist\VNOCR\_internal\_tcl_data\tzdata\America\Punta_Arenas
   Compressing: C:\a\ML-DL-application\ML-DL-application\installer\..\dist\VNOCR\_internal\_tcl_data\tzdata\America\Rainy_River
   Compressing: C:\a\ML-DL-application\ML-DL-application\installer\..\dist\VNOCR\_internal\_tcl_data\tzdata\America\Rankin_Inlet
   Compressing: C:\a\ML-DL-application\ML-DL-application\installer\..\dist\VNOCR\_internal\_tcl_data\tzdata\America\Recife
   Compressing: C:\a\ML-DL-application\ML-DL-application\installer\..\dist\VNOCR\_internal\_tcl_data\tzdata\America\Regina
   Compressing: C:\a\ML-DL-application\ML-DL-application\installer\..\dist\VNOCR\_internal\_tcl_data\tzdata\America\Resolute
   Compressing: C:\a\ML-DL-application\ML-DL-application\installer\..\dist\VNOCR\_internal\_tcl_data\tzdata\America\Rio_Branco
   Compressing: C:\a\ML-DL-application\ML-DL-application\installer\..\dist\VNOCR\_internal\_tcl_data\tzdata\America\Rosario
   Compressing: C:\a\ML-DL-application\ML-DL-application\installer\..\dist\VNOCR\_internal\_tcl_data\tzdata\America\Santarem
   Compressing: C:\a\ML-DL-application\ML-DL-application\installer\..\dist\VNOCR\_internal\_tcl_data\tzdata\America\Santa_Isabel
   Compressing: C:\a\ML-DL-application\ML-DL-application\installer\..\dist\VNOCR\_internal\_tcl_data\tzdata\America\Santiago
   Compressing: C:\a\ML-DL-application\ML-DL-application\installer\..\dist\VNOCR\_internal\_tcl_data\tzdata\America\Santo_Domingo
   Compressing: C:\a\ML-DL-application\ML-DL-application\installer\..\dist\VNOCR\_internal\_tcl_data\tzdata\America\Sao_Paulo
   Compressing: C:\a\ML-DL-application\ML-DL-application\installer\..\dist\VNOCR\_internal\_tcl_data\tzdata\America\Scoresbysund
   Compressing: C:\a\ML-DL-application\ML-DL-application\installer\..\dist\VNOCR\_internal\_tcl_data\tzdata\America\Shiprock
   Compressing: C:\a\ML-DL-application\ML-DL-application\installer\..\dist\VNOCR\_internal\_tcl_data\tzdata\America\Sitka
   Compressing: C:\a\ML-DL-application\ML-DL-application\installer\..\dist\VNOCR\_internal\_tcl_data\tzdata\America\St_Barthelemy
   Compressing: C:\a\ML-DL-application\ML-DL-application\installer\..\dist\VNOCR\_internal\_tcl_data\tzdata\America\St_Johns
   Compressing: C:\a\ML-DL-application\ML-DL-application\installer\..\dist\VNOCR\_internal\_tcl_data\tzdata\America\St_Kitts
   Compressing: C:\a\ML-DL-application\ML-DL-application\installer\..\dist\VNOCR\_internal\_tcl_data\tzdata\America\St_Lucia
   Compressing: C:\a\ML-DL-application\ML-DL-application\installer\..\dist\VNOCR\_internal\_tcl_data\tzdata\America\St_Thomas
   Compressing: C:\a\ML-DL-application\ML-DL-application\installer\..\dist\VNOCR\_internal\_tcl_data\tzdata\America\St_Vincent
   Compressing: C:\a\ML-DL-application\ML-DL-application\installer\..\dist\VNOCR\_internal\_tcl_data\tzdata\America\Swift_Current
   Compressing: C:\a\ML-DL-application\ML-DL-application\installer\..\dist\VNOCR\_internal\_tcl_data\tzdata\America\Tegucigalpa
   Compressing: C:\a\ML-DL-application\ML-DL-application\installer\..\dist\VNOCR\_internal\_tcl_data\tzdata\America\Thule
   Compressing: C:\a\ML-DL-application\ML-DL-application\installer\..\dist\VNOCR\_internal\_tcl_data\tzdata\America\Thunder_Bay
   Compressing: C:\a\ML-DL-application\ML-DL-application\installer\..\dist\VNOCR\_internal\_tcl_data\tzdata\America\Tijuana
   Compressing: C:\a\ML-DL-application\ML-DL-application\installer\..\dist\VNOCR\_internal\_tcl_data\tzdata\America\Toronto
   Compressing: C:\a\ML-DL-application\ML-DL-application\installer\..\dist\VNOCR\_internal\_tcl_data\tzdata\America\Tortola
   Compressing: C:\a\ML-DL-application\ML-DL-application\installer\..\dist\VNOCR\_internal\_tcl_data\tzdata\America\Vancouver
   Compressing: C:\a\ML-DL-application\ML-DL-application\installer\..\dist\VNOCR\_internal\_tcl_data\tzdata\America\Virgin
   Compressing: C:\a\ML-DL-application\ML-DL-application\installer\..\dist\VNOCR\_internal\_tcl_data\tzdata\America\Whitehorse
   Compressing: C:\a\ML-DL-application\ML-DL-application\installer\..\dist\VNOCR\_internal\_tcl_data\tzdata\America\Winnipeg
   Compressing: C:\a\ML-DL-application\ML-DL-application\installer\..\dist\VNOCR\_internal\_tcl_data\tzdata\America\Yakutat
   Compressing: C:\a\ML-DL-application\ML-DL-application\installer\..\dist\VNOCR\_internal\_tcl_data\tzdata\America\Yellowknife
   Compressing: C:\a\ML-DL-application\ML-DL-application\installer\..\dist\VNOCR\_internal\_tcl_data\tzdata\America\Argentina\Buenos_Aires
   Compressing: C:\a\ML-DL-application\ML-DL-application\installer\..\dist\VNOCR\_internal\_tcl_data\tzdata\America\Argentina\Catamarca
   Compressing: C:\a\ML-DL-application\ML-DL-application\installer\..\dist\VNOCR\_internal\_tcl_data\tzdata\America\Argentina\ComodRivadavia
   Compressing: C:\a\ML-DL-application\ML-DL-application\installer\..\dist\VNOCR\_internal\_tcl_data\tzdata\America\Argentina\Cordoba
   Compressing: C:\a\ML-DL-application\ML-DL-application\installer\..\dist\VNOCR\_internal\_tcl_data\tzdata\America\Argentina\Jujuy
   Compressing: C:\a\ML-DL-application\ML-DL-application\installer\..\dist\VNOCR\_internal\_tcl_data\tzdata\America\Argentina\La_Rioja
   Compressing: C:\a\ML-DL-application\ML-DL-application\installer\..\dist\VNOCR\_internal\_tcl_data\tzdata\America\Argentina\Mendoza
   Compressing: C:\a\ML-DL-application\ML-DL-application\installer\..\dist\VNOCR\_internal\_tcl_data\tzdata\America\Argentina\Rio_Gallegos
   Compressing: C:\a\ML-DL-application\ML-DL-application\installer\..\dist\VNOCR\_internal\_tcl_data\tzdata\America\Argentina\Salta
   Compressing: C:\a\ML-DL-application\ML-DL-application\installer\..\dist\VNOCR\_internal\_tcl_data\tzdata\America\Argentina\San_Juan
   Compressing: C:\a\ML-DL-application\ML-DL-application\installer\..\dist\VNOCR\_internal\_tcl_data\tzdata\America\Argentina\San_Luis
   Compressing: C:\a\ML-DL-application\ML-DL-application\installer\..\dist\VNOCR\_internal\_tcl_data\tzdata\America\Argentina\Tucuman
   Compressing: C:\a\ML-DL-application\ML-DL-application\installer\..\dist\VNOCR\_internal\_tcl_data\tzdata\America\Argentina\Ushuaia
   Compressing: C:\a\ML-DL-application\ML-DL-application\installer\..\dist\VNOCR\_internal\_tcl_data\tzdata\America\Indiana\Indianapolis
   Compressing: C:\a\ML-DL-application\ML-DL-application\installer\..\dist\VNOCR\_internal\_tcl_data\tzdata\America\Indiana\Knox
   Compressing: C:\a\ML-DL-application\ML-DL-application\installer\..\dist\VNOCR\_internal\_tcl_data\tzdata\America\Indiana\Marengo
   Compressing: C:\a\ML-DL-application\ML-DL-application\installer\..\dist\VNOCR\_internal\_tcl_data\tzdata\America\Indiana\Petersburg
   Compressing: C:\a\ML-DL-application\ML-DL-application\installer\..\dist\VNOCR\_internal\_tcl_data\tzdata\America\Indiana\Tell_City
   Compressing: C:\a\ML-DL-application\ML-DL-application\installer\..\dist\VNOCR\_internal\_tcl_data\tzdata\America\Indiana\Vevay
   Compressing: C:\a\ML-DL-application\ML-DL-application\installer\..\dist\VNOCR\_internal\_tcl_data\tzdata\America\Indiana\Vincennes
   Compressing: C:\a\ML-DL-application\ML-DL-application\installer\..\dist\VNOCR\_internal\_tcl_data\tzdata\America\Indiana\Winamac
   Compressing: C:\a\ML-DL-application\ML-DL-application\installer\..\dist\VNOCR\_internal\_tcl_data\tzdata\America\Kentucky\Louisville
   Compressing: C:\a\ML-DL-application\ML-DL-application\installer\..\dist\VNOCR\_internal\_tcl_data\tzdata\America\Kentucky\Monticello
   Compressing: C:\a\ML-DL-application\ML-DL-application\installer\..\dist\VNOCR\_internal\_tcl_data\tzdata\America\North_Dakota\Beulah
   Compressing: C:\a\ML-DL-application\ML-DL-application\installer\..\dist\VNOCR\_internal\_tcl_data\tzdata\America\North_Dakota\Center
   Compressing: C:\a\ML-DL-application\ML-DL-application\installer\..\dist\VNOCR\_internal\_tcl_data\tzdata\America\North_Dakota\New_Salem
   Compressing: C:\a\ML-DL-application\ML-DL-application\installer\..\dist\VNOCR\_internal\_tcl_data\tzdata\Antarctica\Casey
   Compressing: C:\a\ML-DL-application\ML-DL-application\installer\..\dist\VNOCR\_internal\_tcl_data\tzdata\Antarctica\Davis
   Compressing: C:\a\ML-DL-application\ML-DL-application\installer\..\dist\VNOCR\_internal\_tcl_data\tzdata\Antarctica\DumontDUrville
   Compressing: C:\a\ML-DL-application\ML-DL-application\installer\..\dist\VNOCR\_internal\_tcl_data\tzdata\Antarctica\Macquarie
   Compressing: C:\a\ML-DL-application\ML-DL-application\installer\..\dist\VNOCR\_internal\_tcl_data\tzdata\Antarctica\Mawson
   Compressing: C:\a\ML-DL-application\ML-DL-application\installer\..\dist\VNOCR\_internal\_tcl_data\tzdata\Antarctica\McMurdo
   Compressing: C:\a\ML-DL-application\ML-DL-application\installer\..\dist\VNOCR\_internal\_tcl_data\tzdata\Antarctica\Palmer
   Compressing: C:\a\ML-DL-application\ML-DL-application\installer\..\dist\VNOCR\_internal\_tcl_data\tzdata\Antarctica\Rothera
   Compressing: C:\a\ML-DL-application\ML-DL-application\installer\..\dist\VNOCR\_internal\_tcl_data\tzdata\Antarctica\South_Pole
   Compressing: C:\a\ML-DL-application\ML-DL-application\installer\..\dist\VNOCR\_internal\_tcl_data\tzdata\Antarctica\Syowa
   Compressing: C:\a\ML-DL-application\ML-DL-application\installer\..\dist\VNOCR\_internal\_tcl_data\tzdata\Antarctica\Troll
   Compressing: C:\a\ML-DL-application\ML-DL-application\installer\..\dist\VNOCR\_internal\_tcl_data\tzdata\Antarctica\Vostok
   Compressing: C:\a\ML-DL-application\ML-DL-application\installer\..\dist\VNOCR\_internal\_tcl_data\tzdata\Arctic\Longyearbyen
   Compressing: C:\a\ML-DL-application\ML-DL-application\installer\..\dist\VNOCR\_internal\_tcl_data\tzdata\Asia\Aden
   Compressing: C:\a\ML-DL-application\ML-DL-application\installer\..\dist\VNOCR\_internal\_tcl_data\tzdata\Asia\Almaty
   Compressing: C:\a\ML-DL-application\ML-DL-application\installer\..\dist\VNOCR\_internal\_tcl_data\tzdata\Asia\Amman
   Compressing: C:\a\ML-DL-application\ML-DL-application\installer\..\dist\VNOCR\_internal\_tcl_data\tzdata\Asia\Anadyr
   Compressing: C:\a\ML-DL-application\ML-DL-application\installer\..\dist\VNOCR\_internal\_tcl_data\tzdata\Asia\Aqtau
   Compressing: C:\a\ML-DL-application\ML-DL-application\installer\..\dist\VNOCR\_internal\_tcl_data\tzdata\Asia\Aqtobe
   Compressing: C:\a\ML-DL-application\ML-DL-application\installer\..\dist\VNOCR\_internal\_tcl_data\tzdata\Asia\Ashgabat
   Compressing: C:\a\ML-DL-application\ML-DL-application\installer\..\dist\VNOCR\_internal\_tcl_data\tzdata\Asia\Ashkhabad
   Compressing: C:\a\ML-DL-application\ML-DL-application\installer\..\dist\VNOCR\_internal\_tcl_data\tzdata\Asia\Atyrau
   Compressing: C:\a\ML-DL-application\ML-DL-application\installer\..\dist\VNOCR\_internal\_tcl_data\tzdata\Asia\Baghdad
   Compressing: C:\a\ML-DL-application\ML-DL-application\installer\..\dist\VNOCR\_internal\_tcl_data\tzdata\Asia\Bahrain
   Compressing: C:\a\ML-DL-application\ML-DL-application\installer\..\dist\VNOCR\_internal\_tcl_data\tzdata\Asia\Baku
   Compressing: C:\a\ML-DL-application\ML-DL-application\installer\..\dist\VNOCR\_internal\_tcl_data\tzdata\Asia\Bangkok
   Compressing: C:\a\ML-DL-application\ML-DL-application\installer\..\dist\VNOCR\_internal\_tcl_data\tzdata\Asia\Barnaul
   Compressing: C:\a\ML-DL-application\ML-DL-application\installer\..\dist\VNOCR\_internal\_tcl_data\tzdata\Asia\Beirut
   Compressing: C:\a\ML-DL-application\ML-DL-application\installer\..\dist\VNOCR\_internal\_tcl_data\tzdata\Asia\Bishkek
   Compressing: C:\a\ML-DL-application\ML-DL-application\installer\..\dist\VNOCR\_internal\_tcl_data\tzdata\Asia\Brunei
   Compressing: C:\a\ML-DL-application\ML-DL-application\installer\..\dist\VNOCR\_internal\_tcl_data\tzdata\Asia\Calcutta
   Compressing: C:\a\ML-DL-application\ML-DL-application\installer\..\dist\VNOCR\_internal\_tcl_data\tzdata\Asia\Chita
   Compressing: C:\a\ML-DL-application\ML-DL-application\installer\..\dist\VNOCR\_internal\_tcl_data\tzdata\Asia\Choibalsan
   Compressing: C:\a\ML-DL-application\ML-DL-application\installer\..\dist\VNOCR\_internal\_tcl_data\tzdata\Asia\Chongqing
   Compressing: C:\a\ML-DL-application\ML-DL-application\installer\..\dist\VNOCR\_internal\_tcl_data\tzdata\Asia\Chungking
   Compressing: C:\a\ML-DL-application\ML-DL-application\installer\..\dist\VNOCR\_internal\_tcl_data\tzdata\Asia\Colombo
   Compressing: C:\a\ML-DL-application\ML-DL-application\installer\..\dist\VNOCR\_internal\_tcl_data\tzdata\Asia\Dacca
   Compressing: C:\a\ML-DL-application\ML-DL-application\installer\..\dist\VNOCR\_internal\_tcl_data\tzdata\Asia\Damascus
   Compressing: C:\a\ML-DL-application\ML-DL-application\installer\..\dist\VNOCR\_internal\_tcl_data\tzdata\Asia\Dhaka
   Compressing: C:\a\ML-DL-application\ML-DL-application\installer\..\dist\VNOCR\_internal\_tcl_data\tzdata\Asia\Dili
   Compressing: C:\a\ML-DL-application\ML-DL-application\installer\..\dist\VNOCR\_internal\_tcl_data\tzdata\Asia\Dubai
   Compressing: C:\a\ML-DL-application\ML-DL-application\installer\..\dist\VNOCR\_internal\_tcl_data\tzdata\Asia\Dushanbe
   Compressing: C:\a\ML-DL-application\ML-DL-application\installer\..\dist\VNOCR\_internal\_tcl_data\tzdata\Asia\Famagusta
   Compressing: C:\a\ML-DL-application\ML-DL-application\installer\..\dist\VNOCR\_internal\_tcl_data\tzdata\Asia\Gaza
   Compressing: C:\a\ML-DL-application\ML-DL-application\installer\..\dist\VNOCR\_internal\_tcl_data\tzdata\Asia\Harbin
   Compressing: C:\a\ML-DL-application\ML-DL-application\installer\..\dist\VNOCR\_internal\_tcl_data\tzdata\Asia\Hebron
   Compressing: C:\a\ML-DL-application\ML-DL-application\installer\..\dist\VNOCR\_internal\_tcl_data\tzdata\Asia\Hong_Kong
   Compressing: C:\a\ML-DL-application\ML-DL-application\installer\..\dist\VNOCR\_internal\_tcl_data\tzdata\Asia\Hovd
   Compressing: C:\a\ML-DL-application\ML-DL-application\installer\..\dist\VNOCR\_internal\_tcl_data\tzdata\Asia\Ho_Chi_Minh
   Compressing: C:\a\ML-DL-application\ML-DL-application\installer\..\dist\VNOCR\_internal\_tcl_data\tzdata\Asia\Irkutsk
   Compressing: C:\a\ML-DL-application\ML-DL-application\installer\..\dist\VNOCR\_internal\_tcl_data\tzdata\Asia\Istanbul
   Compressing: C:\a\ML-DL-application\ML-DL-application\installer\..\dist\VNOCR\_internal\_tcl_data\tzdata\Asia\Jakarta
   Compressing: C:\a\ML-DL-application\ML-DL-application\installer\..\dist\VNOCR\_internal\_tcl_data\tzdata\Asia\Jayapura
   Compressing: C:\a\ML-DL-application\ML-DL-application\installer\..\dist\VNOCR\_internal\_tcl_data\tzdata\Asia\Jerusalem
   Compressing: C:\a\ML-DL-application\ML-DL-application\installer\..\dist\VNOCR\_internal\_tcl_data\tzdata\Asia\Kabul
   Compressing: C:\a\ML-DL-application\ML-DL-application\installer\..\dist\VNOCR\_internal\_tcl_data\tzdata\Asia\Kamchatka
   Compressing: C:\a\ML-DL-application\ML-DL-application\installer\..\dist\VNOCR\_internal\_tcl_data\tzdata\Asia\Karachi
   Compressing: C:\a\ML-DL-application\ML-DL-application\installer\..\dist\VNOCR\_internal\_tcl_data\tzdata\Asia\Kashgar
   Compressing: C:\a\ML-DL-application\ML-DL-application\installer\..\dist\VNOCR\_internal\_tcl_data\tzdata\Asia\Kathmandu
   Compressing: C:\a\ML-DL-application\ML-DL-application\installer\..\dist\VNOCR\_internal\_tcl_data\tzdata\Asia\Katmandu
   Compressing: C:\a\ML-DL-application\ML-DL-application\installer\..\dist\VNOCR\_internal\_tcl_data\tzdata\Asia\Khandyga
   Compressing: C:\a\ML-DL-application\ML-DL-application\installer\..\dist\VNOCR\_internal\_tcl_data\tzdata\Asia\Kolkata
   Compressing: C:\a\ML-DL-application\ML-DL-application\installer\..\dist\VNOCR\_internal\_tcl_data\tzdata\Asia\Krasnoyarsk
   Compressing: C:\a\ML-DL-application\ML-DL-application\installer\..\dist\VNOCR\_internal\_tcl_data\tzdata\Asia\Kuala_Lumpur
   Compressing: C:\a\ML-DL-application\ML-DL-application\installer\..\dist\VNOCR\_internal\_tcl_data\tzdata\Asia\Kuching
   Compressing: C:\a\ML-DL-application\ML-DL-application\installer\..\dist\VNOCR\_internal\_tcl_data\tzdata\Asia\Kuwait
   Compressing: C:\a\ML-DL-application\ML-DL-application\installer\..\dist\VNOCR\_internal\_tcl_data\tzdata\Asia\Macao
   Compressing: C:\a\ML-DL-application\ML-DL-application\installer\..\dist\VNOCR\_internal\_tcl_data\tzdata\Asia\Macau
   Compressing: C:\a\ML-DL-application\ML-DL-application\installer\..\dist\VNOCR\_internal\_tcl_data\tzdata\Asia\Magadan
   Compressing: C:\a\ML-DL-application\ML-DL-application\installer\..\dist\VNOCR\_internal\_tcl_data\tzdata\Asia\Makassar
   Compressing: C:\a\ML-DL-application\ML-DL-application\installer\..\dist\VNOCR\_internal\_tcl_data\tzdata\Asia\Manila
   Compressing: C:\a\ML-DL-application\ML-DL-application\installer\..\dist\VNOCR\_internal\_tcl_data\tzdata\Asia\Muscat
   Compressing: C:\a\ML-DL-application\ML-DL-application\installer\..\dist\VNOCR\_internal\_tcl_data\tzdata\Asia\Nicosia
   Compressing: C:\a\ML-DL-application\ML-DL-application\installer\..\dist\VNOCR\_internal\_tcl_data\tzdata\Asia\Novokuznetsk
   Compressing: C:\a\ML-DL-application\ML-DL-application\installer\..\dist\VNOCR\_internal\_tcl_data\tzdata\Asia\Novosibirsk
   Compressing: C:\a\ML-DL-application\ML-DL-application\installer\..\dist\VNOCR\_internal\_tcl_data\tzdata\Asia\Omsk
   Compressing: C:\a\ML-DL-application\ML-DL-application\installer\..\dist\VNOCR\_internal\_tcl_data\tzdata\Asia\Oral
   Compressing: C:\a\ML-DL-application\ML-DL-application\installer\..\dist\VNOCR\_internal\_tcl_data\tzdata\Asia\Phnom_Penh
   Compressing: C:\a\ML-DL-application\ML-DL-application\installer\..\dist\VNOCR\_internal\_tcl_data\tzdata\Asia\Pontianak
   Compressing: C:\a\ML-DL-application\ML-DL-application\installer\..\dist\VNOCR\_internal\_tcl_data\tzdata\Asia\Pyongyang
   Compressing: C:\a\ML-DL-application\ML-DL-application\installer\..\dist\VNOCR\_internal\_tcl_data\tzdata\Asia\Qatar
   Compressing: C:\a\ML-DL-application\ML-DL-application\installer\..\dist\VNOCR\_internal\_tcl_data\tzdata\Asia\Qostanay
   Compressing: C:\a\ML-DL-application\ML-DL-application\installer\..\dist\VNOCR\_internal\_tcl_data\tzdata\Asia\Qyzylorda
   Compressing: C:\a\ML-DL-application\ML-DL-application\installer\..\dist\VNOCR\_internal\_tcl_data\tzdata\Asia\Rangoon
   Compressing: C:\a\ML-DL-application\ML-DL-application\installer\..\dist\VNOCR\_internal\_tcl_data\tzdata\Asia\Riyadh
   Compressing: C:\a\ML-DL-application\ML-DL-application\installer\..\dist\VNOCR\_internal\_tcl_data\tzdata\Asia\Saigon
   Compressing: C:\a\ML-DL-application\ML-DL-application\installer\..\dist\VNOCR\_internal\_tcl_data\tzdata\Asia\Sakhalin
   Compressing: C:\a\ML-DL-application\ML-DL-application\installer\..\dist\VNOCR\_internal\_tcl_data\tzdata\Asia\Samarkand
   Compressing: C:\a\ML-DL-application\ML-DL-application\installer\..\dist\VNOCR\_internal\_tcl_data\tzdata\Asia\Seoul
   Compressing: C:\a\ML-DL-application\ML-DL-application\installer\..\dist\VNOCR\_internal\_tcl_data\tzdata\Asia\Shanghai
   Compressing: C:\a\ML-DL-application\ML-DL-application\installer\..\dist\VNOCR\_internal\_tcl_data\tzdata\Asia\Singapore
   Compressing: C:\a\ML-DL-application\ML-DL-application\installer\..\dist\VNOCR\_internal\_tcl_data\tzdata\Asia\Srednekolymsk
   Compressing: C:\a\ML-DL-application\ML-DL-application\installer\..\dist\VNOCR\_internal\_tcl_data\tzdata\Asia\Taipei
   Compressing: C:\a\ML-DL-application\ML-DL-application\installer\..\dist\VNOCR\_internal\_tcl_data\tzdata\Asia\Tashkent
   Compressing: C:\a\ML-DL-application\ML-DL-application\installer\..\dist\VNOCR\_internal\_tcl_data\tzdata\Asia\Tbilisi
   Compressing: C:\a\ML-DL-application\ML-DL-application\installer\..\dist\VNOCR\_internal\_tcl_data\tzdata\Asia\Tehran
   Compressing: C:\a\ML-DL-application\ML-DL-application\installer\..\dist\VNOCR\_internal\_tcl_data\tzdata\Asia\Tel_Aviv
   Compressing: C:\a\ML-DL-application\ML-DL-application\installer\..\dist\VNOCR\_internal\_tcl_data\tzdata\Asia\Thimbu
   Compressing: C:\a\ML-DL-application\ML-DL-application\installer\..\dist\VNOCR\_internal\_tcl_data\tzdata\Asia\Thimphu
   Compressing: C:\a\ML-DL-application\ML-DL-application\installer\..\dist\VNOCR\_internal\_tcl_data\tzdata\Asia\Tokyo
   Compressing: C:\a\ML-DL-application\ML-DL-application\installer\..\dist\VNOCR\_internal\_tcl_data\tzdata\Asia\Tomsk
   Compressing: C:\a\ML-DL-application\ML-DL-application\installer\..\dist\VNOCR\_internal\_tcl_data\tzdata\Asia\Ujung_Pandang
   Compressing: C:\a\ML-DL-application\ML-DL-application\installer\..\dist\VNOCR\_internal\_tcl_data\tzdata\Asia\Ulaanbaatar
   Compressing: C:\a\ML-DL-application\ML-DL-application\installer\..\dist\VNOCR\_internal\_tcl_data\tzdata\Asia\Ulan_Bator
   Compressing: C:\a\ML-DL-application\ML-DL-application\installer\..\dist\VNOCR\_internal\_tcl_data\tzdata\Asia\Urumqi
   Compressing: C:\a\ML-DL-application\ML-DL-application\installer\..\dist\VNOCR\_internal\_tcl_data\tzdata\Asia\Ust-Nera
   Compressing: C:\a\ML-DL-application\ML-DL-application\installer\..\dist\VNOCR\_internal\_tcl_data\tzdata\Asia\Vientiane
   Compressing: C:\a\ML-DL-application\ML-DL-application\installer\..\dist\VNOCR\_internal\_tcl_data\tzdata\Asia\Vladivostok
   Compressing: C:\a\ML-DL-application\ML-DL-application\installer\..\dist\VNOCR\_internal\_tcl_data\tzdata\Asia\Yakutsk
   Compressing: C:\a\ML-DL-application\ML-DL-application\installer\..\dist\VNOCR\_internal\_tcl_data\tzdata\Asia\Yangon
   Compressing: C:\a\ML-DL-application\ML-DL-application\installer\..\dist\VNOCR\_internal\_tcl_data\tzdata\Asia\Yekaterinburg
   Compressing: C:\a\ML-DL-application\ML-DL-application\installer\..\dist\VNOCR\_internal\_tcl_data\tzdata\Asia\Yerevan
   Compressing: C:\a\ML-DL-application\ML-DL-application\installer\..\dist\VNOCR\_internal\_tcl_data\tzdata\Atlantic\Azores
   Compressing: C:\a\ML-DL-application\ML-DL-application\installer\..\dist\VNOCR\_internal\_tcl_data\tzdata\Atlantic\Bermuda
   Compressing: C:\a\ML-DL-application\ML-DL-application\installer\..\dist\VNOCR\_internal\_tcl_data\tzdata\Atlantic\Canary
   Compressing: C:\a\ML-DL-application\ML-DL-application\installer\..\dist\VNOCR\_internal\_tcl_data\tzdata\Atlantic\Cape_Verde
   Compressing: C:\a\ML-DL-application\ML-DL-application\installer\..\dist\VNOCR\_internal\_tcl_data\tzdata\Atlantic\Faeroe
   Compressing: C:\a\ML-DL-application\ML-DL-application\installer\..\dist\VNOCR\_internal\_tcl_data\tzdata\Atlantic\Faroe
   Compressing: C:\a\ML-DL-application\ML-DL-application\installer\..\dist\VNOCR\_internal\_tcl_data\tzdata\Atlantic\Jan_Mayen
   Compressing: C:\a\ML-DL-application\ML-DL-application\installer\..\dist\VNOCR\_internal\_tcl_data\tzdata\Atlantic\Madeira
   Compressing: C:\a\ML-DL-application\ML-DL-application\installer\..\dist\VNOCR\_internal\_tcl_data\tzdata\Atlantic\Reykjavik
   Compressing: C:\a\ML-DL-application\ML-DL-application\installer\..\dist\VNOCR\_internal\_tcl_data\tzdata\Atlantic\South_Georgia
   Compressing: C:\a\ML-DL-application\ML-DL-application\installer\..\dist\VNOCR\_internal\_tcl_data\tzdata\Atlantic\Stanley
   Compressing: C:\a\ML-DL-application\ML-DL-application\installer\..\dist\VNOCR\_internal\_tcl_data\tzdata\Atlantic\St_Helena
   Compressing: C:\a\ML-DL-application\ML-DL-application\installer\..\dist\VNOCR\_internal\_tcl_data\tzdata\Australia\ACT
   Compressing: C:\a\ML-DL-application\ML-DL-application\installer\..\dist\VNOCR\_internal\_tcl_data\tzdata\Australia\Adelaide
   Compressing: C:\a\ML-DL-application\ML-DL-application\installer\..\dist\VNOCR\_internal\_tcl_data\tzdata\Australia\Brisbane
   Compressing: C:\a\ML-DL-application\ML-DL-application\installer\..\dist\VNOCR\_internal\_tcl_data\tzdata\Australia\Broken_Hill
   Compressing: C:\a\ML-DL-application\ML-DL-application\installer\..\dist\VNOCR\_internal\_tcl_data\tzdata\Australia\Canberra
   Compressing: C:\a\ML-DL-application\ML-DL-application\installer\..\dist\VNOCR\_internal\_tcl_data\tzdata\Australia\Currie
   Compressing: C:\a\ML-DL-application\ML-DL-application\installer\..\dist\VNOCR\_internal\_tcl_data\tzdata\Australia\Darwin
   Compressing: C:\a\ML-DL-application\ML-DL-application\installer\..\dist\VNOCR\_internal\_tcl_data\tzdata\Australia\Eucla
   Compressing: C:\a\ML-DL-application\ML-DL-application\installer\..\dist\VNOCR\_internal\_tcl_data\tzdata\Australia\Hobart
   Compressing: C:\a\ML-DL-application\ML-DL-application\installer\..\dist\VNOCR\_internal\_tcl_data\tzdata\Australia\LHI
   Compressing: C:\a\ML-DL-application\ML-DL-application\installer\..\dist\VNOCR\_internal\_tcl_data\tzdata\Australia\Lindeman
   Compressing: C:\a\ML-DL-application\ML-DL-application\installer\..\dist\VNOCR\_internal\_tcl_data\tzdata\Australia\Lord_Howe
   Compressing: C:\a\ML-DL-application\ML-DL-application\installer\..\dist\VNOCR\_internal\_tcl_data\tzdata\Australia\Melbourne
   Compressing: C:\a\ML-DL-application\ML-DL-application\installer\..\dist\VNOCR\_internal\_tcl_data\tzdata\Australia\North
   Compressing: C:\a\ML-DL-application\ML-DL-application\installer\..\dist\VNOCR\_internal\_tcl_data\tzdata\Australia\NSW
   Compressing: C:\a\ML-DL-application\ML-DL-application\installer\..\dist\VNOCR\_internal\_tcl_data\tzdata\Australia\Perth
   Compressing: C:\a\ML-DL-application\ML-DL-application\installer\..\dist\VNOCR\_internal\_tcl_data\tzdata\Australia\Queensland
   Compressing: C:\a\ML-DL-application\ML-DL-application\installer\..\dist\VNOCR\_internal\_tcl_data\tzdata\Australia\South
   Compressing: C:\a\ML-DL-application\ML-DL-application\installer\..\dist\VNOCR\_internal\_tcl_data\tzdata\Australia\Sydney
   Compressing: C:\a\ML-DL-application\ML-DL-application\installer\..\dist\VNOCR\_internal\_tcl_data\tzdata\Australia\Tasmania
   Compressing: C:\a\ML-DL-application\ML-DL-application\installer\..\dist\VNOCR\_internal\_tcl_data\tzdata\Australia\Victoria
   Compressing: C:\a\ML-DL-application\ML-DL-application\installer\..\dist\VNOCR\_internal\_tcl_data\tzdata\Australia\West
   Compressing: C:\a\ML-DL-application\ML-DL-application\installer\..\dist\VNOCR\_internal\_tcl_data\tzdata\Australia\Yancowinna
   Compressing: C:\a\ML-DL-application\ML-DL-application\installer\..\dist\VNOCR\_internal\_tcl_data\tzdata\Brazil\Acre
   Compressing: C:\a\ML-DL-application\ML-DL-application\installer\..\dist\VNOCR\_internal\_tcl_data\tzdata\Brazil\DeNoronha
   Compressing: C:\a\ML-DL-application\ML-DL-application\installer\..\dist\VNOCR\_internal\_tcl_data\tzdata\Brazil\East
   Compressing: C:\a\ML-DL-application\ML-DL-application\installer\..\dist\VNOCR\_internal\_tcl_data\tzdata\Brazil\West
   Compressing: C:\a\ML-DL-application\ML-DL-application\installer\..\dist\VNOCR\_internal\_tcl_data\tzdata\Canada\Atlantic
   Compressing: C:\a\ML-DL-application\ML-DL-application\installer\..\dist\VNOCR\_internal\_tcl_data\tzdata\Canada\Central
   Compressing: C:\a\ML-DL-application\ML-DL-application\installer\..\dist\VNOCR\_internal\_tcl_data\tzdata\Canada\Eastern
   Compressing: C:\a\ML-DL-application\ML-DL-application\installer\..\dist\VNOCR\_internal\_tcl_data\tzdata\Canada\Mountain
   Compressing: C:\a\ML-DL-application\ML-DL-application\installer\..\dist\VNOCR\_internal\_tcl_data\tzdata\Canada\Newfoundland
   Compressing: C:\a\ML-DL-application\ML-DL-application\installer\..\dist\VNOCR\_internal\_tcl_data\tzdata\Canada\Pacific
   Compressing: C:\a\ML-DL-application\ML-DL-application\installer\..\dist\VNOCR\_internal\_tcl_data\tzdata\Canada\Saskatchewan
   Compressing: C:\a\ML-DL-application\ML-DL-application\installer\..\dist\VNOCR\_internal\_tcl_data\tzdata\Canada\Yukon
   Compressing: C:\a\ML-DL-application\ML-DL-application\installer\..\dist\VNOCR\_internal\_tcl_data\tzdata\Chile\Continental
   Compressing: C:\a\ML-DL-application\ML-DL-application\installer\..\dist\VNOCR\_internal\_tcl_data\tzdata\Chile\EasterIsland
   Compressing: C:\a\ML-DL-application\ML-DL-application\installer\..\dist\VNOCR\_internal\_tcl_data\tzdata\Etc\GMT
   Compressing: C:\a\ML-DL-application\ML-DL-application\installer\..\dist\VNOCR\_internal\_tcl_data\tzdata\Etc\GMT+0
   Compressing: C:\a\ML-DL-application\ML-DL-application\installer\..\dist\VNOCR\_internal\_tcl_data\tzdata\Etc\GMT+1
   Compressing: C:\a\ML-DL-application\ML-DL-application\installer\..\dist\VNOCR\_internal\_tcl_data\tzdata\Etc\GMT+10
   Compressing: C:\a\ML-DL-application\ML-DL-application\installer\..\dist\VNOCR\_internal\_tcl_data\tzdata\Etc\GMT+11
   Compressing: C:\a\ML-DL-application\ML-DL-application\installer\..\dist\VNOCR\_internal\_tcl_data\tzdata\Etc\GMT+12
   Compressing: C:\a\ML-DL-application\ML-DL-application\installer\..\dist\VNOCR\_internal\_tcl_data\tzdata\Etc\GMT+2
   Compressing: C:\a\ML-DL-application\ML-DL-application\installer\..\dist\VNOCR\_internal\_tcl_data\tzdata\Etc\GMT+3
   Compressing: C:\a\ML-DL-application\ML-DL-application\installer\..\dist\VNOCR\_internal\_tcl_data\tzdata\Etc\GMT+4
   Compressing: C:\a\ML-DL-application\ML-DL-application\installer\..\dist\VNOCR\_internal\_tcl_data\tzdata\Etc\GMT+5
   Compressing: C:\a\ML-DL-application\ML-DL-application\installer\..\dist\VNOCR\_internal\_tcl_data\tzdata\Etc\GMT+6
   Compressing: C:\a\ML-DL-application\ML-DL-application\installer\..\dist\VNOCR\_internal\_tcl_data\tzdata\Etc\GMT+7
   Compressing: C:\a\ML-DL-application\ML-DL-application\installer\..\dist\VNOCR\_internal\_tcl_data\tzdata\Etc\GMT+8
   Compressing: C:\a\ML-DL-application\ML-DL-application\installer\..\dist\VNOCR\_internal\_tcl_data\tzdata\Etc\GMT+9
   Compressing: C:\a\ML-DL-application\ML-DL-application\installer\..\dist\VNOCR\_internal\_tcl_data\tzdata\Etc\GMT-0
   Compressing: C:\a\ML-DL-application\ML-DL-application\installer\..\dist\VNOCR\_internal\_tcl_data\tzdata\Etc\GMT-1
   Compressing: C:\a\ML-DL-application\ML-DL-application\installer\..\dist\VNOCR\_internal\_tcl_data\tzdata\Etc\GMT-10
   Compressing: C:\a\ML-DL-application\ML-DL-application\installer\..\dist\VNOCR\_internal\_tcl_data\tzdata\Etc\GMT-11
   Compressing: C:\a\ML-DL-application\ML-DL-application\installer\..\dist\VNOCR\_internal\_tcl_data\tzdata\Etc\GMT-12
   Compressing: C:\a\ML-DL-application\ML-DL-application\installer\..\dist\VNOCR\_internal\_tcl_data\tzdata\Etc\GMT-13
   Compressing: C:\a\ML-DL-application\ML-DL-application\installer\..\dist\VNOCR\_internal\_tcl_data\tzdata\Etc\GMT-14
   Compressing: C:\a\ML-DL-application\ML-DL-application\installer\..\dist\VNOCR\_internal\_tcl_data\tzdata\Etc\GMT-2
   Compressing: C:\a\ML-DL-application\ML-DL-application\installer\..\dist\VNOCR\_internal\_tcl_data\tzdata\Etc\GMT-3
   Compressing: C:\a\ML-DL-application\ML-DL-application\installer\..\dist\VNOCR\_internal\_tcl_data\tzdata\Etc\GMT-4
   Compressing: C:\a\ML-DL-application\ML-DL-application\installer\..\dist\VNOCR\_internal\_tcl_data\tzdata\Etc\GMT-5
   Compressing: C:\a\ML-DL-application\ML-DL-application\installer\..\dist\VNOCR\_internal\_tcl_data\tzdata\Etc\GMT-6
   Compressing: C:\a\ML-DL-application\ML-DL-application\installer\..\dist\VNOCR\_internal\_tcl_data\tzdata\Etc\GMT-7
   Compressing: C:\a\ML-DL-application\ML-DL-application\installer\..\dist\VNOCR\_internal\_tcl_data\tzdata\Etc\GMT-8
   Compressing: C:\a\ML-DL-application\ML-DL-application\installer\..\dist\VNOCR\_internal\_tcl_data\tzdata\Etc\GMT-9
   Compressing: C:\a\ML-DL-application\ML-DL-application\installer\..\dist\VNOCR\_internal\_tcl_data\tzdata\Etc\GMT0
   Compressing: C:\a\ML-DL-application\ML-DL-application\installer\..\dist\VNOCR\_internal\_tcl_data\tzdata\Etc\Greenwich
   Compressing: C:\a\ML-DL-application\ML-DL-application\installer\..\dist\VNOCR\_internal\_tcl_data\tzdata\Etc\UCT
   Compressing: C:\a\ML-DL-application\ML-DL-application\installer\..\dist\VNOCR\_internal\_tcl_data\tzdata\Etc\Universal
   Compressing: C:\a\ML-DL-application\ML-DL-application\installer\..\dist\VNOCR\_internal\_tcl_data\tzdata\Etc\UTC
   Compressing: C:\a\ML-DL-application\ML-DL-application\installer\..\dist\VNOCR\_internal\_tcl_data\tzdata\Etc\Zulu
   Compressing: C:\a\ML-DL-application\ML-DL-application\installer\..\dist\VNOCR\_internal\_tcl_data\tzdata\Europe\Amsterdam
   Compressing: C:\a\ML-DL-application\ML-DL-application\installer\..\dist\VNOCR\_internal\_tcl_data\tzdata\Europe\Andorra
   Compressing: C:\a\ML-DL-application\ML-DL-application\installer\..\dist\VNOCR\_internal\_tcl_data\tzdata\Europe\Astrakhan
   Compressing: C:\a\ML-DL-application\ML-DL-application\installer\..\dist\VNOCR\_internal\_tcl_data\tzdata\Europe\Athens
   Compressing: C:\a\ML-DL-application\ML-DL-application\installer\..\dist\VNOCR\_internal\_tcl_data\tzdata\Europe\Belfast
   Compressing: C:\a\ML-DL-application\ML-DL-application\installer\..\dist\VNOCR\_internal\_tcl_data\tzdata\Europe\Belgrade
   Compressing: C:\a\ML-DL-application\ML-DL-application\installer\..\dist\VNOCR\_internal\_tcl_data\tzdata\Europe\Berlin
   Compressing: C:\a\ML-DL-application\ML-DL-application\installer\..\dist\VNOCR\_internal\_tcl_data\tzdata\Europe\Bratislava
   Compressing: C:\a\ML-DL-application\ML-DL-application\installer\..\dist\VNOCR\_internal\_tcl_data\tzdata\Europe\Brussels
   Compressing: C:\a\ML-DL-application\ML-DL-application\installer\..\dist\VNOCR\_internal\_tcl_data\tzdata\Europe\Bucharest
   Compressing: C:\a\ML-DL-application\ML-DL-application\installer\..\dist\VNOCR\_internal\_tcl_data\tzdata\Europe\Budapest
   Compressing: C:\a\ML-DL-application\ML-DL-application\installer\..\dist\VNOCR\_internal\_tcl_data\tzdata\Europe\Busingen
   Compressing: C:\a\ML-DL-application\ML-DL-application\installer\..\dist\VNOCR\_internal\_tcl_data\tzdata\Europe\Chisinau
   Compressing: C:\a\ML-DL-application\ML-DL-application\installer\..\dist\VNOCR\_internal\_tcl_data\tzdata\Europe\Copenhagen
   Compressing: C:\a\ML-DL-application\ML-DL-application\installer\..\dist\VNOCR\_internal\_tcl_data\tzdata\Europe\Dublin
   Compressing: C:\a\ML-DL-application\ML-DL-application\installer\..\dist\VNOCR\_internal\_tcl_data\tzdata\Europe\Gibraltar
   Compressing: C:\a\ML-DL-application\ML-DL-application\installer\..\dist\VNOCR\_internal\_tcl_data\tzdata\Europe\Guernsey
   Compressing: C:\a\ML-DL-application\ML-DL-application\installer\..\dist\VNOCR\_internal\_tcl_data\tzdata\Europe\Helsinki
   Compressing: C:\a\ML-DL-application\ML-DL-application\installer\..\dist\VNOCR\_internal\_tcl_data\tzdata\Europe\Isle_of_Man
   Compressing: C:\a\ML-DL-application\ML-DL-application\installer\..\dist\VNOCR\_internal\_tcl_data\tzdata\Europe\Istanbul
   Compressing: C:\a\ML-DL-application\ML-DL-application\installer\..\dist\VNOCR\_internal\_tcl_data\tzdata\Europe\Jersey
   Compressing: C:\a\ML-DL-application\ML-DL-application\installer\..\dist\VNOCR\_internal\_tcl_data\tzdata\Europe\Kaliningrad
   Compressing: C:\a\ML-DL-application\ML-DL-application\installer\..\dist\VNOCR\_internal\_tcl_data\tzdata\Europe\Kiev
   Compressing: C:\a\ML-DL-application\ML-DL-application\installer\..\dist\VNOCR\_internal\_tcl_data\tzdata\Europe\Kirov
   Compressing: C:\a\ML-DL-application\ML-DL-application\installer\..\dist\VNOCR\_internal\_tcl_data\tzdata\Europe\Kyiv
   Compressing: C:\a\ML-DL-application\ML-DL-application\installer\..\dist\VNOCR\_internal\_tcl_data\tzdata\Europe\Lisbon
   Compressing: C:\a\ML-DL-application\ML-DL-application\installer\..\dist\VNOCR\_internal\_tcl_data\tzdata\Europe\Ljubljana
   Compressing: C:\a\ML-DL-application\ML-DL-application\installer\..\dist\VNOCR\_internal\_tcl_data\tzdata\Europe\London
   Compressing: C:\a\ML-DL-application\ML-DL-application\installer\..\dist\VNOCR\_internal\_tcl_data\tzdata\Europe\Luxembourg
   Compressing: C:\a\ML-DL-application\ML-DL-application\installer\..\dist\VNOCR\_internal\_tcl_data\tzdata\Europe\Madrid
   Compressing: C:\a\ML-DL-application\ML-DL-application\installer\..\dist\VNOCR\_internal\_tcl_data\tzdata\Europe\Malta
   Compressing: C:\a\ML-DL-application\ML-DL-application\installer\..\dist\VNOCR\_internal\_tcl_data\tzdata\Europe\Mariehamn
   Compressing: C:\a\ML-DL-application\ML-DL-application\installer\..\dist\VNOCR\_internal\_tcl_data\tzdata\Europe\Minsk
   Compressing: C:\a\ML-DL-application\ML-DL-application\installer\..\dist\VNOCR\_internal\_tcl_data\tzdata\Europe\Monaco
   Compressing: C:\a\ML-DL-application\ML-DL-application\installer\..\dist\VNOCR\_internal\_tcl_data\tzdata\Europe\Moscow
   Compressing: C:\a\ML-DL-application\ML-DL-application\installer\..\dist\VNOCR\_internal\_tcl_data\tzdata\Europe\Nicosia
   Compressing: C:\a\ML-DL-application\ML-DL-application\installer\..\dist\VNOCR\_internal\_tcl_data\tzdata\Europe\Oslo
   Compressing: C:\a\ML-DL-application\ML-DL-application\installer\..\dist\VNOCR\_internal\_tcl_data\tzdata\Europe\Paris
   Compressing: C:\a\ML-DL-application\ML-DL-application\installer\..\dist\VNOCR\_internal\_tcl_data\tzdata\Europe\Podgorica
   Compressing: C:\a\ML-DL-application\ML-DL-application\installer\..\dist\VNOCR\_internal\_tcl_data\tzdata\Europe\Prague
   Compressing: C:\a\ML-DL-application\ML-DL-application\installer\..\dist\VNOCR\_internal\_tcl_data\tzdata\Europe\Riga
   Compressing: C:\a\ML-DL-application\ML-DL-application\installer\..\dist\VNOCR\_internal\_tcl_data\tzdata\Europe\Rome
   Compressing: C:\a\ML-DL-application\ML-DL-application\installer\..\dist\VNOCR\_internal\_tcl_data\tzdata\Europe\Samara
   Compressing: C:\a\ML-DL-application\ML-DL-application\installer\..\dist\VNOCR\_internal\_tcl_data\tzdata\Europe\San_Marino
   Compressing: C:\a\ML-DL-application\ML-DL-application\installer\..\dist\VNOCR\_internal\_tcl_data\tzdata\Europe\Sarajevo
   Compressing: C:\a\ML-DL-application\ML-DL-application\installer\..\dist\VNOCR\_internal\_tcl_data\tzdata\Europe\Saratov
   Compressing: C:\a\ML-DL-application\ML-DL-application\installer\..\dist\VNOCR\_internal\_tcl_data\tzdata\Europe\Simferopol
   Compressing: C:\a\ML-DL-application\ML-DL-application\installer\..\dist\VNOCR\_internal\_tcl_data\tzdata\Europe\Skopje
   Compressing: C:\a\ML-DL-application\ML-DL-application\installer\..\dist\VNOCR\_internal\_tcl_data\tzdata\Europe\Sofia
   Compressing: C:\a\ML-DL-application\ML-DL-application\installer\..\dist\VNOCR\_internal\_tcl_data\tzdata\Europe\Stockholm
   Compressing: C:\a\ML-DL-application\ML-DL-application\installer\..\dist\VNOCR\_internal\_tcl_data\tzdata\Europe\Tallinn
   Compressing: C:\a\ML-DL-application\ML-DL-application\installer\..\dist\VNOCR\_internal\_tcl_data\tzdata\Europe\Tirane
   Compressing: C:\a\ML-DL-application\ML-DL-application\installer\..\dist\VNOCR\_internal\_tcl_data\tzdata\Europe\Tiraspol
   Compressing: C:\a\ML-DL-application\ML-DL-application\installer\..\dist\VNOCR\_internal\_tcl_data\tzdata\Europe\Ulyanovsk
   Compressing: C:\a\ML-DL-application\ML-DL-application\installer\..\dist\VNOCR\_internal\_tcl_data\tzdata\Europe\Uzhgorod
   Compressing: C:\a\ML-DL-application\ML-DL-application\installer\..\dist\VNOCR\_internal\_tcl_data\tzdata\Europe\Vaduz
   Compressing: C:\a\ML-DL-application\ML-DL-application\installer\..\dist\VNOCR\_internal\_tcl_data\tzdata\Europe\Vatican
   Compressing: C:\a\ML-DL-application\ML-DL-application\installer\..\dist\VNOCR\_internal\_tcl_data\tzdata\Europe\Vienna
   Compressing: C:\a\ML-DL-application\ML-DL-application\installer\..\dist\VNOCR\_internal\_tcl_data\tzdata\Europe\Vilnius
   Compressing: C:\a\ML-DL-application\ML-DL-application\installer\..\dist\VNOCR\_internal\_tcl_data\tzdata\Europe\Volgograd
   Compressing: C:\a\ML-DL-application\ML-DL-application\installer\..\dist\VNOCR\_internal\_tcl_data\tzdata\Europe\Warsaw
   Compressing: C:\a\ML-DL-application\ML-DL-application\installer\..\dist\VNOCR\_internal\_tcl_data\tzdata\Europe\Zagreb
   Compressing: C:\a\ML-DL-application\ML-DL-application\installer\..\dist\VNOCR\_internal\_tcl_data\tzdata\Europe\Zaporozhye
   Compressing: C:\a\ML-DL-application\ML-DL-application\installer\..\dist\VNOCR\_internal\_tcl_data\tzdata\Europe\Zurich
   Compressing: C:\a\ML-DL-application\ML-DL-application\installer\..\dist\VNOCR\_internal\_tcl_data\tzdata\Indian\Antananarivo
   Compressing: C:\a\ML-DL-application\ML-DL-application\installer\..\dist\VNOCR\_internal\_tcl_data\tzdata\Indian\Chagos
   Compressing: C:\a\ML-DL-application\ML-DL-application\installer\..\dist\VNOCR\_internal\_tcl_data\tzdata\Indian\Christmas
   Compressing: C:\a\ML-DL-application\ML-DL-application\installer\..\dist\VNOCR\_internal\_tcl_data\tzdata\Indian\Cocos
   Compressing: C:\a\ML-DL-application\ML-DL-application\installer\..\dist\VNOCR\_internal\_tcl_data\tzdata\Indian\Comoro
   Compressing: C:\a\ML-DL-application\ML-DL-application\installer\..\dist\VNOCR\_internal\_tcl_data\tzdata\Indian\Kerguelen
   Compressing: C:\a\ML-DL-application\ML-DL-application\installer\..\dist\VNOCR\_internal\_tcl_data\tzdata\Indian\Mahe
   Compressing: C:\a\ML-DL-application\ML-DL-application\installer\..\dist\VNOCR\_internal\_tcl_data\tzdata\Indian\Maldives
   Compressing: C:\a\ML-DL-application\ML-DL-application\installer\..\dist\VNOCR\_internal\_tcl_data\tzdata\Indian\Mauritius
   Compressing: C:\a\ML-DL-application\ML-DL-application\installer\..\dist\VNOCR\_internal\_tcl_data\tzdata\Indian\Mayotte
   Compressing: C:\a\ML-DL-application\ML-DL-application\installer\..\dist\VNOCR\_internal\_tcl_data\tzdata\Indian\Reunion
   Compressing: C:\a\ML-DL-application\ML-DL-application\installer\..\dist\VNOCR\_internal\_tcl_data\tzdata\Mexico\BajaNorte
   Compressing: C:\a\ML-DL-application\ML-DL-application\installer\..\dist\VNOCR\_internal\_tcl_data\tzdata\Mexico\BajaSur
   Compressing: C:\a\ML-DL-application\ML-DL-application\installer\..\dist\VNOCR\_internal\_tcl_data\tzdata\Mexico\General
   Compressing: C:\a\ML-DL-application\ML-DL-application\installer\..\dist\VNOCR\_internal\_tcl_data\tzdata\Pacific\Apia
   Compressing: C:\a\ML-DL-application\ML-DL-application\installer\..\dist\VNOCR\_internal\_tcl_data\tzdata\Pacific\Auckland
   Compressing: C:\a\ML-DL-application\ML-DL-application\installer\..\dist\VNOCR\_internal\_tcl_data\tzdata\Pacific\Bougainville
   Compressing: C:\a\ML-DL-application\ML-DL-application\installer\..\dist\VNOCR\_internal\_tcl_data\tzdata\Pacific\Chatham
   Compressing: C:\a\ML-DL-application\ML-DL-application\installer\..\dist\VNOCR\_internal\_tcl_data\tzdata\Pacific\Chuuk
   Compressing: C:\a\ML-DL-application\ML-DL-application\installer\..\dist\VNOCR\_internal\_tcl_data\tzdata\Pacific\Easter
   Compressing: C:\a\ML-DL-application\ML-DL-application\installer\..\dist\VNOCR\_internal\_tcl_data\tzdata\Pacific\Efate
   Compressing: C:\a\ML-DL-application\ML-DL-application\installer\..\dist\VNOCR\_internal\_tcl_data\tzdata\Pacific\Enderbury
   Compressing: C:\a\ML-DL-application\ML-DL-application\installer\..\dist\VNOCR\_internal\_tcl_data\tzdata\Pacific\Fakaofo
   Compressing: C:\a\ML-DL-application\ML-DL-application\installer\..\dist\VNOCR\_internal\_tcl_data\tzdata\Pacific\Fiji
   Compressing: C:\a\ML-DL-application\ML-DL-application\installer\..\dist\VNOCR\_internal\_tcl_data\tzdata\Pacific\Funafuti
   Compressing: C:\a\ML-DL-application\ML-DL-application\installer\..\dist\VNOCR\_internal\_tcl_data\tzdata\Pacific\Galapagos
   Compressing: C:\a\ML-DL-application\ML-DL-application\installer\..\dist\VNOCR\_internal\_tcl_data\tzdata\Pacific\Gambier
   Compressing: C:\a\ML-DL-application\ML-DL-application\installer\..\dist\VNOCR\_internal\_tcl_data\tzdata\Pacific\Guadalcanal
   Compressing: C:\a\ML-DL-application\ML-DL-application\installer\..\dist\VNOCR\_internal\_tcl_data\tzdata\Pacific\Guam
   Compressing: C:\a\ML-DL-application\ML-DL-application\installer\..\dist\VNOCR\_internal\_tcl_data\tzdata\Pacific\Honolulu
   Compressing: C:\a\ML-DL-application\ML-DL-application\installer\..\dist\VNOCR\_internal\_tcl_data\tzdata\Pacific\Johnston
   Compressing: C:\a\ML-DL-application\ML-DL-application\installer\..\dist\VNOCR\_internal\_tcl_data\tzdata\Pacific\Kanton
   Compressing: C:\a\ML-DL-application\ML-DL-application\installer\..\dist\VNOCR\_internal\_tcl_data\tzdata\Pacific\Kiritimati
   Compressing: C:\a\ML-DL-application\ML-DL-application\installer\..\dist\VNOCR\_internal\_tcl_data\tzdata\Pacific\Kosrae
   Compressing: C:\a\ML-DL-application\ML-DL-application\installer\..\dist\VNOCR\_internal\_tcl_data\tzdata\Pacific\Kwajalein
   Compressing: C:\a\ML-DL-application\ML-DL-application\installer\..\dist\VNOCR\_internal\_tcl_data\tzdata\Pacific\Majuro
   Compressing: C:\a\ML-DL-application\ML-DL-application\installer\..\dist\VNOCR\_internal\_tcl_data\tzdata\Pacific\Marquesas
   Compressing: C:\a\ML-DL-application\ML-DL-application\installer\..\dist\VNOCR\_internal\_tcl_data\tzdata\Pacific\Midway
   Compressing: C:\a\ML-DL-application\ML-DL-application\installer\..\dist\VNOCR\_internal\_tcl_data\tzdata\Pacific\Nauru
   Compressing: C:\a\ML-DL-application\ML-DL-application\installer\..\dist\VNOCR\_internal\_tcl_data\tzdata\Pacific\Niue
   Compressing: C:\a\ML-DL-application\ML-DL-application\installer\..\dist\VNOCR\_internal\_tcl_data\tzdata\Pacific\Norfolk
   Compressing: C:\a\ML-DL-application\ML-DL-application\installer\..\dist\VNOCR\_internal\_tcl_data\tzdata\Pacific\Noumea
   Compressing: C:\a\ML-DL-application\ML-DL-application\installer\..\dist\VNOCR\_internal\_tcl_data\tzdata\Pacific\Pago_Pago
   Compressing: C:\a\ML-DL-application\ML-DL-application\installer\..\dist\VNOCR\_internal\_tcl_data\tzdata\Pacific\Palau
   Compressing: C:\a\ML-DL-application\ML-DL-application\installer\..\dist\VNOCR\_internal\_tcl_data\tzdata\Pacific\Pitcairn
   Compressing: C:\a\ML-DL-application\ML-DL-application\installer\..\dist\VNOCR\_internal\_tcl_data\tzdata\Pacific\Pohnpei
   Compressing: C:\a\ML-DL-application\ML-DL-application\installer\..\dist\VNOCR\_internal\_tcl_data\tzdata\Pacific\Ponape
   Compressing: C:\a\ML-DL-application\ML-DL-application\installer\..\dist\VNOCR\_internal\_tcl_data\tzdata\Pacific\Port_Moresby
   Compressing: C:\a\ML-DL-application\ML-DL-application\installer\..\dist\VNOCR\_internal\_tcl_data\tzdata\Pacific\Rarotonga
   Compressing: C:\a\ML-DL-application\ML-DL-application\installer\..\dist\VNOCR\_internal\_tcl_data\tzdata\Pacific\Saipan
   Compressing: C:\a\ML-DL-application\ML-DL-application\installer\..\dist\VNOCR\_internal\_tcl_data\tzdata\Pacific\Samoa
   Compressing: C:\a\ML-DL-application\ML-DL-application\installer\..\dist\VNOCR\_internal\_tcl_data\tzdata\Pacific\Tahiti
   Compressing: C:\a\ML-DL-application\ML-DL-application\installer\..\dist\VNOCR\_internal\_tcl_data\tzdata\Pacific\Tarawa
   Compressing: C:\a\ML-DL-application\ML-DL-application\installer\..\dist\VNOCR\_internal\_tcl_data\tzdata\Pacific\Tongatapu
   Compressing: C:\a\ML-DL-application\ML-DL-application\installer\..\dist\VNOCR\_internal\_tcl_data\tzdata\Pacific\Truk
   Compressing: C:\a\ML-DL-application\ML-DL-application\installer\..\dist\VNOCR\_internal\_tcl_data\tzdata\Pacific\Wake
   Compressing: C:\a\ML-DL-application\ML-DL-application\installer\..\dist\VNOCR\_internal\_tcl_data\tzdata\Pacific\Wallis
   Compressing: C:\a\ML-DL-application\ML-DL-application\installer\..\dist\VNOCR\_internal\_tcl_data\tzdata\Pacific\Yap
   Compressing: C:\a\ML-DL-application\ML-DL-application\installer\..\dist\VNOCR\_internal\_tcl_data\tzdata\SystemV\AST4
   Compressing: C:\a\ML-DL-application\ML-DL-application\installer\..\dist\VNOCR\_internal\_tcl_data\tzdata\SystemV\AST4ADT
   Compressing: C:\a\ML-DL-application\ML-DL-application\installer\..\dist\VNOCR\_internal\_tcl_data\tzdata\SystemV\CST6
   Compressing: C:\a\ML-DL-application\ML-DL-application\installer\..\dist\VNOCR\_internal\_tcl_data\tzdata\SystemV\CST6CDT
   Compressing: C:\a\ML-DL-application\ML-DL-application\installer\..\dist\VNOCR\_internal\_tcl_data\tzdata\SystemV\EST5
   Compressing: C:\a\ML-DL-application\ML-DL-application\installer\..\dist\VNOCR\_internal\_tcl_data\tzdata\SystemV\EST5EDT
   Compressing: C:\a\ML-DL-application\ML-DL-application\installer\..\dist\VNOCR\_internal\_tcl_data\tzdata\SystemV\HST10
   Compressing: C:\a\ML-DL-application\ML-DL-application\installer\..\dist\VNOCR\_internal\_tcl_data\tzdata\SystemV\MST7
   Compressing: C:\a\ML-DL-application\ML-DL-application\installer\..\dist\VNOCR\_internal\_tcl_data\tzdata\SystemV\MST7MDT
   Compressing: C:\a\ML-DL-application\ML-DL-application\installer\..\dist\VNOCR\_internal\_tcl_data\tzdata\SystemV\PST8
   Compressing: C:\a\ML-DL-application\ML-DL-application\installer\..\dist\VNOCR\_internal\_tcl_data\tzdata\SystemV\PST8PDT
   Compressing: C:\a\ML-DL-application\ML-DL-application\installer\..\dist\VNOCR\_internal\_tcl_data\tzdata\SystemV\YST9
   Compressing: C:\a\ML-DL-application\ML-DL-application\installer\..\dist\VNOCR\_internal\_tcl_data\tzdata\SystemV\YST9YDT
   Compressing: C:\a\ML-DL-application\ML-DL-application\installer\..\dist\VNOCR\_internal\_tcl_data\tzdata\US\Alaska
   Compressing: C:\a\ML-DL-application\ML-DL-application\installer\..\dist\VNOCR\_internal\_tcl_data\tzdata\US\Aleutian
   Compressing: C:\a\ML-DL-application\ML-DL-application\installer\..\dist\VNOCR\_internal\_tcl_data\tzdata\US\Arizona
   Compressing: C:\a\ML-DL-application\ML-DL-application\installer\..\dist\VNOCR\_internal\_tcl_data\tzdata\US\Central
   Compressing: C:\a\ML-DL-application\ML-DL-application\installer\..\dist\VNOCR\_internal\_tcl_data\tzdata\US\East-Indiana
   Compressing: C:\a\ML-DL-application\ML-DL-application\installer\..\dist\VNOCR\_internal\_tcl_data\tzdata\US\Eastern
   Compressing: C:\a\ML-DL-application\ML-DL-application\installer\..\dist\VNOCR\_internal\_tcl_data\tzdata\US\Hawaii
   Compressing: C:\a\ML-DL-application\ML-DL-application\installer\..\dist\VNOCR\_internal\_tcl_data\tzdata\US\Indiana-Starke
   Compressing: C:\a\ML-DL-application\ML-DL-application\installer\..\dist\VNOCR\_internal\_tcl_data\tzdata\US\Michigan
   Compressing: C:\a\ML-DL-application\ML-DL-application\installer\..\dist\VNOCR\_internal\_tcl_data\tzdata\US\Mountain
   Compressing: C:\a\ML-DL-application\ML-DL-application\installer\..\dist\VNOCR\_internal\_tcl_data\tzdata\US\Pacific
   Compressing: C:\a\ML-DL-application\ML-DL-application\installer\..\dist\VNOCR\_internal\_tcl_data\tzdata\US\Samoa
   Compressing: C:\a\ML-DL-application\ML-DL-application\installer\..\dist\VNOCR\_internal\_tk_data\bgerror.tcl
   Compressing: C:\a\ML-DL-application\ML-DL-application\installer\..\dist\VNOCR\_internal\_tk_data\button.tcl
   Compressing: C:\a\ML-DL-application\ML-DL-application\installer\..\dist\VNOCR\_internal\_tk_data\choosedir.tcl
   Compressing: C:\a\ML-DL-application\ML-DL-application\installer\..\dist\VNOCR\_internal\_tk_data\clrpick.tcl
   Compressing: C:\a\ML-DL-application\ML-DL-application\installer\..\dist\VNOCR\_internal\_tk_data\comdlg.tcl
   Compressing: C:\a\ML-DL-application\ML-DL-application\installer\..\dist\VNOCR\_internal\_tk_data\console.tcl
   Compressing: C:\a\ML-DL-application\ML-DL-application\installer\..\dist\VNOCR\_internal\_tk_data\dialog.tcl
   Compressing: C:\a\ML-DL-application\ML-DL-application\installer\..\dist\VNOCR\_internal\_tk_data\entry.tcl
   Compressing: C:\a\ML-DL-application\ML-DL-application\installer\..\dist\VNOCR\_internal\_tk_data\focus.tcl
   Compressing: C:\a\ML-DL-application\ML-DL-application\installer\..\dist\VNOCR\_internal\_tk_data\fontchooser.tcl
   Compressing: C:\a\ML-DL-application\ML-DL-application\installer\..\dist\VNOCR\_internal\_tk_data\iconlist.tcl
   Compressing: C:\a\ML-DL-application\ML-DL-application\installer\..\dist\VNOCR\_internal\_tk_data\icons.tcl
   Compressing: C:\a\ML-DL-application\ML-DL-application\installer\..\dist\VNOCR\_internal\_tk_data\license.terms
   Compressing: C:\a\ML-DL-application\ML-DL-application\installer\..\dist\VNOCR\_internal\_tk_data\listbox.tcl
   Compressing: C:\a\ML-DL-application\ML-DL-application\installer\..\dist\VNOCR\_internal\_tk_data\megawidget.tcl
   Compressing: C:\a\ML-DL-application\ML-DL-application\installer\..\dist\VNOCR\_internal\_tk_data\menu.tcl
   Compressing: C:\a\ML-DL-application\ML-DL-application\installer\..\dist\VNOCR\_internal\_tk_data\mkpsenc.tcl
   Compressing: C:\a\ML-DL-application\ML-DL-application\installer\..\dist\VNOCR\_internal\_tk_data\msgbox.tcl
   Compressing: C:\a\ML-DL-application\ML-DL-application\installer\..\dist\VNOCR\_internal\_tk_data\obsolete.tcl
   Compressing: C:\a\ML-DL-application\ML-DL-application\installer\..\dist\VNOCR\_internal\_tk_data\optMenu.tcl
   Compressing: C:\a\ML-DL-application\ML-DL-application\installer\..\dist\VNOCR\_internal\_tk_data\palette.tcl
   Compressing: C:\a\ML-DL-application\ML-DL-application\installer\..\dist\VNOCR\_internal\_tk_data\panedwindow.tcl
   Compressing: C:\a\ML-DL-application\ML-DL-application\installer\..\dist\VNOCR\_internal\_tk_data\pkgIndex.tcl
   Compressing: C:\a\ML-DL-application\ML-DL-application\installer\..\dist\VNOCR\_internal\_tk_data\safetk.tcl
   Compressing: C:\a\ML-DL-application\ML-DL-application\installer\..\dist\VNOCR\_internal\_tk_data\scale.tcl
   Compressing: C:\a\ML-DL-application\ML-DL-application\installer\..\dist\VNOCR\_internal\_tk_data\scrlbar.tcl
   Compressing: C:\a\ML-DL-application\ML-DL-application\installer\..\dist\VNOCR\_internal\_tk_data\spinbox.tcl
   Compressing: C:\a\ML-DL-application\ML-DL-application\installer\..\dist\VNOCR\_internal\_tk_data\tclIndex
   Compressing: C:\a\ML-DL-application\ML-DL-application\installer\..\dist\VNOCR\_internal\_tk_data\tearoff.tcl
   Compressing: C:\a\ML-DL-application\ML-DL-application\installer\..\dist\VNOCR\_internal\_tk_data\text.tcl
   Compressing: C:\a\ML-DL-application\ML-DL-application\installer\..\dist\VNOCR\_internal\_tk_data\tk.tcl
   Compressing: C:\a\ML-DL-application\ML-DL-application\installer\..\dist\VNOCR\_internal\_tk_data\tkfbox.tcl
   Compressing: C:\a\ML-DL-application\ML-DL-application\installer\..\dist\VNOCR\_internal\_tk_data\unsupported.tcl
   Compressing: C:\a\ML-DL-application\ML-DL-application\installer\..\dist\VNOCR\_internal\_tk_data\xmfbox.tcl
   Compressing: C:\a\ML-DL-application\ML-DL-application\installer\..\dist\VNOCR\_internal\_tk_data\images\logo.eps
   Compressing: C:\a\ML-DL-application\ML-DL-application\installer\..\dist\VNOCR\_internal\_tk_data\images\logo100.gif
   Compressing: C:\a\ML-DL-application\ML-DL-application\installer\..\dist\VNOCR\_internal\_tk_data\images\logo64.gif
   Compressing: C:\a\ML-DL-application\ML-DL-application\installer\..\dist\VNOCR\_internal\_tk_data\images\logoLarge.gif
   Compressing: C:\a\ML-DL-application\ML-DL-application\installer\..\dist\VNOCR\_internal\_tk_data\images\logoMed.gif
   Compressing: C:\a\ML-DL-application\ML-DL-application\installer\..\dist\VNOCR\_internal\_tk_data\images\pwrdLogo.eps
   Compressing: C:\a\ML-DL-application\ML-DL-application\installer\..\dist\VNOCR\_internal\_tk_data\images\pwrdLogo100.gif
   Compressing: C:\a\ML-DL-application\ML-DL-application\installer\..\dist\VNOCR\_internal\_tk_data\images\pwrdLogo150.gif
   Compressing: C:\a\ML-DL-application\ML-DL-application\installer\..\dist\VNOCR\_internal\_tk_data\images\pwrdLogo175.gif
   Compressing: C:\a\ML-DL-application\ML-DL-application\installer\..\dist\VNOCR\_internal\_tk_data\images\pwrdLogo200.gif
   Compressing: C:\a\ML-DL-application\ML-DL-application\installer\..\dist\VNOCR\_internal\_tk_data\images\pwrdLogo75.gif
   Compressing: C:\a\ML-DL-application\ML-DL-application\installer\..\dist\VNOCR\_internal\_tk_data\images\README
   Compressing: C:\a\ML-DL-application\ML-DL-application\installer\..\dist\VNOCR\_internal\_tk_data\images\tai-ku.gif
   Compressing: C:\a\ML-DL-application\ML-DL-application\installer\..\dist\VNOCR\_internal\_tk_data\msgs\cs.msg
   Compressing: C:\a\ML-DL-application\ML-DL-application\installer\..\dist\VNOCR\_internal\_tk_data\msgs\da.msg
   Compressing: C:\a\ML-DL-application\ML-DL-application\installer\..\dist\VNOCR\_internal\_tk_data\msgs\de.msg
   Compressing: C:\a\ML-DL-application\ML-DL-application\installer\..\dist\VNOCR\_internal\_tk_data\msgs\el.msg
   Compressing: C:\a\ML-DL-application\ML-DL-application\installer\..\dist\VNOCR\_internal\_tk_data\msgs\en.msg
   Compressing: C:\a\ML-DL-application\ML-DL-application\installer\..\dist\VNOCR\_internal\_tk_data\msgs\en_gb.msg
   Compressing: C:\a\ML-DL-application\ML-DL-application\installer\..\dist\VNOCR\_internal\_tk_data\msgs\eo.msg
   Compressing: C:\a\ML-DL-application\ML-DL-application\installer\..\dist\VNOCR\_internal\_tk_data\msgs\es.msg
   Compressing: C:\a\ML-DL-application\ML-DL-application\installer\..\dist\VNOCR\_internal\_tk_data\msgs\fi.msg
   Compressing: C:\a\ML-DL-application\ML-DL-application\installer\..\dist\VNOCR\_internal\_tk_data\msgs\fr.msg
   Compressing: C:\a\ML-DL-application\ML-DL-application\installer\..\dist\VNOCR\_internal\_tk_data\msgs\hu.msg
   Compressing: C:\a\ML-DL-application\ML-DL-application\installer\..\dist\VNOCR\_internal\_tk_data\msgs\it.msg
   Compressing: C:\a\ML-DL-application\ML-DL-application\installer\..\dist\VNOCR\_internal\_tk_data\msgs\nl.msg
   Compressing: C:\a\ML-DL-application\ML-DL-application\installer\..\dist\VNOCR\_internal\_tk_data\msgs\pl.msg
   Compressing: C:\a\ML-DL-application\ML-DL-application\installer\..\dist\VNOCR\_internal\_tk_data\msgs\pt.msg
   Compressing: C:\a\ML-DL-application\ML-DL-application\installer\..\dist\VNOCR\_internal\_tk_data\msgs\ru.msg
   Compressing: C:\a\ML-DL-application\ML-DL-application\installer\..\dist\VNOCR\_internal\_tk_data\msgs\sv.msg
   Compressing: C:\a\ML-DL-application\ML-DL-application\installer\..\dist\VNOCR\_internal\_tk_data\msgs\zh_cn.msg
   Compressing: C:\a\ML-DL-application\ML-DL-application\installer\..\dist\VNOCR\_internal\_tk_data\ttk\altTheme.tcl
   Compressing: C:\a\ML-DL-application\ML-DL-application\installer\..\dist\VNOCR\_internal\_tk_data\ttk\aquaTheme.tcl
   Compressing: C:\a\ML-DL-application\ML-DL-application\installer\..\dist\VNOCR\_internal\_tk_data\ttk\button.tcl
   Compressing: C:\a\ML-DL-application\ML-DL-application\installer\..\dist\VNOCR\_internal\_tk_data\ttk\clamTheme.tcl
   Compressing: C:\a\ML-DL-application\ML-DL-application\installer\..\dist\VNOCR\_internal\_tk_data\ttk\classicTheme.tcl
   Compressing: C:\a\ML-DL-application\ML-DL-application\installer\..\dist\VNOCR\_internal\_tk_data\ttk\combobox.tcl
   Compressing: C:\a\ML-DL-application\ML-DL-application\installer\..\dist\VNOCR\_internal\_tk_data\ttk\cursors.tcl
   Compressing: C:\a\ML-DL-application\ML-DL-application\installer\..\dist\VNOCR\_internal\_tk_data\ttk\defaults.tcl
   Compressing: C:\a\ML-DL-application\ML-DL-application\installer\..\dist\VNOCR\_internal\_tk_data\ttk\entry.tcl
   Compressing: C:\a\ML-DL-application\ML-DL-application\installer\..\dist\VNOCR\_internal\_tk_data\ttk\fonts.tcl
   Compressing: C:\a\ML-DL-application\ML-DL-application\installer\..\dist\VNOCR\_internal\_tk_data\ttk\menubutton.tcl
   Compressing: C:\a\ML-DL-application\ML-DL-application\installer\..\dist\VNOCR\_internal\_tk_data\ttk\notebook.tcl
   Compressing: C:\a\ML-DL-application\ML-DL-application\installer\..\dist\VNOCR\_internal\_tk_data\ttk\panedwindow.tcl
   Compressing: C:\a\ML-DL-application\ML-DL-application\installer\..\dist\VNOCR\_internal\_tk_data\ttk\progress.tcl
   Compressing: C:\a\ML-DL-application\ML-DL-application\installer\..\dist\VNOCR\_internal\_tk_data\ttk\scale.tcl
   Compressing: C:\a\ML-DL-application\ML-DL-application\installer\..\dist\VNOCR\_internal\_tk_data\ttk\scrollbar.tcl
   Compressing: C:\a\ML-DL-application\ML-DL-application\installer\..\dist\VNOCR\_internal\_tk_data\ttk\sizegrip.tcl
   Compressing: C:\a\ML-DL-application\ML-DL-application\installer\..\dist\VNOCR\_internal\_tk_data\ttk\spinbox.tcl
   Compressing: C:\a\ML-DL-application\ML-DL-application\installer\..\dist\VNOCR\_internal\_tk_data\ttk\treeview.tcl
   Compressing: C:\a\ML-DL-application\ML-DL-application\installer\..\dist\VNOCR\_internal\_tk_data\ttk\ttk.tcl
   Compressing: C:\a\ML-DL-application\ML-DL-application\installer\..\dist\VNOCR\_internal\_tk_data\ttk\utils.tcl
   Compressing: C:\a\ML-DL-application\ML-DL-application\installer\..\dist\VNOCR\_internal\_tk_data\ttk\vistaTheme.tcl
   Compressing: C:\a\ML-DL-application\ML-DL-application\installer\..\dist\VNOCR\_internal\_tk_data\ttk\winTheme.tcl
   Compressing: C:\a\ML-DL-application\ML-DL-application\installer\..\dist\VNOCR\_internal\_tk_data\ttk\xpTheme.tcl
   Compressing Setup program executable
   Updating version info (Setup.exe)
   Updating manifest (Setup.exe)


Successful compile (126.266 sec). Resulting Setup program filename is:
C:\a\ML-DL-application\ML-DL-application\dist\VNOCR-Setup-0.1.0-arm64.exe
Installer: dist\VNOCR-Setup-0.1.0-arm64.exe
